sessionIx,blockIx,trialIx,fixIx,fixOns,fixDur,cueIx,cueOns,cueDur,s1Ix,s1Ons,s1Dur,s2Ix,soaIx,s2Ons,s2Dur,ITIDur,,
1,1,1,0,0,0.25,,,,0,0.25,1,,,,,1,,
1,1,2,0,0,0.25,,,,0,0.25,1,,,,,1,,
1,1,3,0,0,0.25,,,,1,0.25,1.95,1,0,0.95,1,1,,
1,1,4,0,0,0.25,,,,0,0.25,1,,,,,1,,
1,1,5,0,0,0.25,,,,0,0.25,1.6,0,0,0.60,1,1,,
1,1,6,0,0,0.25,,,,0,0.25,1.5,2,1,0.50,1,1,,
1,1,7,0,0,0.25,,,,0,0.25,1,,,,,1,,
1,1,8,0,0,0.25,,,,1,0.25,1.35,2,0,0.35,1,1,,
1,1,9,0,0,0.25,,,,0,0.25,1,,,,,1,,
1,1,10,0,0,0.25,,,,0,0.25,1,,,,,1,,
1,1,11,0,0,0.25,,,,0,0.25,1.6,0,0,0.60,1,1,,
1,1,12,0,0,0.25,,,,1,0.25,1.7,2,0,0.70,1,1,,
1,1,13,0,0,0.25,,,,0,0.25,1,,,,,1,,
1,1,14,0,0,0.25,,,,0,0.25,1.7,1,1,0.70,1,1,,
1,1,15,0,0,0.25,,,,1,0.25,1,,,,,1,,
1,1,16,0,0,0.25,,,,0,0.25,1,,,,,1,,
1,1,17,0,0,0.25,,,,0,0.25,1.35,2,1,0.35,1,1,,
1,1,18,0,0,0.25,,,,0,0.25,1,,,,,1,,
1,1,19,0,0,0.25,,,,0,0.25,1,,,,,1,,
1,1,20,0,0,0.25,,,,0,0.25,1.7,3,1,0.70,1,1,,
1,1,21,0,0,0.25,,,,0,0.25,1,,,,,1,,
1,1,22,0,0,0.25,,,,1,0.25,1.5,0,0,0.50,1,1,,
1,1,23,0,0,0.25,,,,1,0.25,1,,,,,1,,
1,1,24,0,0,0.25,,,,0,0.25,1,,,,,1,,
1,1,25,0,0,0.25,,,,1,0.25,1,,,,,1,,
1,1,26,0,0,0.25,,,,1,0.25,1.6,1,1,0.60,1,1,,
1,1,27,0,0,0.25,,,,0,0.25,1.6,0,1,0.60,1,1,,
1,1,28,0,0,0.25,,,,1,0.25,1,,,,,1,,
1,1,29,0,0,0.25,,,,0,0.25,1,,,,,1,,
1,1,30,0,0,0.25,,,,1,0.25,1,,,,,1,,
1,1,31,0,0,0.25,,,,0,0.25,1,,,,,1,,
1,1,32,0,0,0.25,,,,1,0.25,1,,,,,1,,
1,1,33,0,0,0.25,,,,1,0.25,1.5,2,0,0.50,1,1,,
1,1,34,0,0,0.25,,,,0,0.25,1,,,,,1,,
1,1,35,0,0,0.25,,,,1,0.25,1.7,1,1,0.70,1,1,,
1,1,36,0,0,0.25,,,,1,0.25,1,,,,,1,,
1,1,37,0,0,0.25,,,,0,0.25,1.7,0,0,0.70,1,1,,
1,1,38,0,0,0.25,,,,1,0.25,1,,,,,1,,
1,1,39,0,0,0.25,,,,0,0.25,1.6,1,1,0.60,1,1,,
1,1,40,0,0,0.25,,,,1,0.25,1,,,,,1,,
1,1,41,0,0,0.25,,,,1,0.25,1.35,2,1,0.35,1,1,,
1,1,42,0,0,0.25,,,,0,0.25,1.6,2,0,0.60,1,1,,
1,1,43,0,0,0.25,,,,0,0.25,1.5,2,1,0.50,1,1,,
1,1,44,0,0,0.25,,,,0,0.25,1,,,,,1,,
1,1,45,0,0,0.25,,,,1,0.25,1.7,1,1,0.70,1,1,,
1,1,46,0,0,0.25,,,,1,0.25,1.95,2,0,0.95,1,1,,
1,1,47,0,0,0.25,,,,1,0.25,1,,,,,1,,
1,1,48,0,0,0.25,,,,1,0.25,1.95,1,0,0.95,1,1,,
1,1,49,0,0,0.25,,,,0,0.25,1,,,,,1,,
1,1,50,0,0,0.25,,,,1,0.25,1,,,,,1,,
1,1,51,0,0,0.25,,,,1,0.25,1,,,,,1,,
1,1,52,0,0,0.25,,,,1,0.25,1,,,,,1,,
1,1,53,0,0,0.25,,,,0,0.25,1.35,1,0,0.35,1,1,,
1,1,54,0,0,0.25,,,,0,0.25,1.6,0,0,0.60,1,1,,
1,1,55,0,0,0.25,,,,0,0.25,1,,,,,1,,
1,1,56,0,0,0.25,,,,1,0.25,1.95,3,0,0.95,1,1,,
1,1,57,0,0,0.25,,,,1,0.25,1.5,0,1,0.50,1,1,,
1,1,58,0,0,0.25,,,,0,0.25,1,,,,,1,,
1,1,59,0,0,0.25,,,,1,0.25,1,,,,,1,,
1,1,60,0,0,0.25,,,,0,0.25,1.6,2,0,0.60,1,1,,
1,1,61,0,0,0.25,,,,1,0.25,1,,,,,1,,
1,1,62,0,0,0.25,,,,0,0.25,1,,,,,1,,
1,1,63,0,0,0.25,,,,1,0.25,1.7,2,0,0.70,1,1,,
1,1,64,0,0,0.25,,,,1,0.25,1,,,,,1,,
1,1,65,0,0,0.25,,,,1,0.25,1.35,1,0,0.35,1,1,,
1,1,66,0,0,0.25,,,,0,0.25,1.35,0,0,0.35,1,1,,
1,1,67,0,0,0.25,,,,1,0.25,1,,,,,1,,
1,1,68,0,0,0.25,,,,0,0.25,1,,,,,1,,
1,1,69,0,0,0.25,,,,0,0.25,1.7,0,0,0.70,1,1,,
1,1,70,0,0,0.25,,,,1,0.25,1,,,,,1,,
1,1,71,0,0,0.25,,,,0,0.25,1.6,0,1,0.60,1,1,,
1,1,72,0,0,0.25,,,,0,0.25,1,,,,,1,,
1,1,73,0,0,0.25,,,,1,0.25,1,,,,,1,,
1,1,74,0,0,0.25,,,,0,0.25,1.6,3,0,0.60,1,1,,
1,1,75,0,0,0.25,,,,0,0.25,1,,,,,1,,
1,1,76,0,0,0.25,,,,0,0.25,1.5,2,1,0.50,1,1,,
1,1,77,0,0,0.25,,,,1,0.25,1,,,,,1,,
1,1,78,0,0,0.25,,,,0,0.25,1,,,,,1,,
1,1,79,0,0,0.25,,,,1,0.25,1,,,,,1,,
1,1,80,0,0,0.25,,,,1,0.25,1.7,2,0,0.70,1,1,,
1,1,81,0,0,0.25,,,,1,0.25,1,,,,,1,,
1,1,82,0,0,0.25,,,,0,0.25,1.6,1,0,0.60,1,1,,
1,1,83,0,0,0.25,,,,1,0.25,1.7,3,0,0.70,1,1,,
1,1,84,0,0,0.25,,,,1,0.25,1.5,3,0,0.50,1,1,,
1,1,85,0,0,0.25,,,,1,0.25,1,,,,,1,,
1,1,86,0,0,0.25,,,,0,0.25,1,,,,,1,,
1,1,87,0,0,0.25,,,,0,0.25,1.6,3,0,0.60,1,1,,
1,1,88,0,0,0.25,,,,1,0.25,1,,,,,1,,
1,1,89,0,0,0.25,,,,0,0.25,1,,,,,1,,
1,1,90,0,0,0.25,,,,1,0.25,1,,,,,1,,
1,1,91,0,0,0.25,,,,0,0.25,1.6,0,1,0.60,1,1,,
1,1,92,0,0,0.25,,,,0,0.25,1.5,1,1,0.50,1,1,,
1,1,93,0,0,0.25,,,,0,0.25,1.35,3,0,0.35,1,1,,
1,1,94,0,0,0.25,,,,1,0.25,1.35,3,0,0.35,1,1,,
1,1,95,0,0,0.25,,,,0,0.25,1,,,,,1,,
1,1,96,0,0,0.25,,,,0,0.25,1.35,1,1,0.35,1,1,,
1,1,97,0,0,0.25,,,,0,0.25,1,,,,,1,,
1,1,98,0,0,0.25,,,,0,0.25,1.5,3,0,0.50,1,1,,
1,1,99,0,0,0.25,,,,1,0.25,1,,,,,1,,
1,1,100,0,0,0.25,,,,0,0.25,1,,,,,1,,
1,1,101,0,0,0.25,,,,0,0.25,1.6,2,0,0.60,1,1,,
1,1,102,0,0,0.25,,,,1,0.25,1,,,,,1,,
1,1,103,0,0,0.25,,,,0,0.25,1.6,2,1,0.60,1,1,,
1,1,104,0,0,0.25,,,,1,0.25,1.35,2,1,0.35,1,1,,
1,1,105,0,0,0.25,,,,0,0.25,1,,,,,1,,
1,1,106,0,0,0.25,,,,1,0.25,1.7,2,0,0.70,1,1,,
1,1,107,0,0,0.25,,,,1,0.25,1.35,2,1,0.35,1,1,,
1,1,108,0,0,0.25,,,,0,0.25,1,,,,,1,,
1,1,109,0,0,0.25,,,,0,0.25,1,,,,,1,,
1,1,110,0,0,0.25,,,,1,0.25,1.6,1,0,0.60,1,1,,
1,1,111,0,0,0.25,,,,1,0.25,1,,,,,1,,
1,1,112,0,0,0.25,,,,1,0.25,1.95,1,1,0.95,1,1,,
1,1,113,0,0,0.25,,,,0,0.25,1,,,,,1,,
1,1,114,0,0,0.25,,,,0,0.25,1,,,,,1,,
1,1,115,0,0,0.25,,,,0,0.25,1.5,2,0,0.50,1,1,,
1,1,116,0,0,0.25,,,,1,0.25,1,,,,,1,,
1,1,117,0,0,0.25,,,,1,0.25,1.5,2,0,0.50,1,1,,
1,1,118,0,0,0.25,,,,1,0.25,1,,,,,1,,
1,1,119,0,0,0.25,,,,1,0.25,1,,,,,1,,
1,1,120,0,0,0.25,,,,0,0.25,1,,,,,1,,
1,1,121,0,0,0.25,,,,1,0.25,1.7,3,1,0.70,1,1,,
1,1,122,0,0,0.25,,,,1,0.25,1.7,1,0,0.70,1,1,,
1,1,123,0,0,0.25,,,,1,0.25,1.6,3,0,0.60,1,1,,
1,1,124,0,0,0.25,,,,1,0.25,1,,,,,1,,
1,1,125,0,0,0.25,,,,1,0.25,1.95,3,1,0.95,1,1,,
1,1,126,0,0,0.25,,,,0,0.25,1,,,,,1,,
1,1,127,0,0,0.25,,,,1,0.25,1.95,2,0,0.95,1,1,,
1,1,128,0,0,0.25,,,,0,0.25,1,,,,,1,,
1,1,129,0,0,0.25,,,,1,0.25,1.6,2,1,0.60,1,1,,
1,1,130,0,0,0.25,,,,0,0.25,1,,,,,1,,
1,1,131,0,0,0.25,,,,1,0.25,1,,,,,1,,
1,1,132,0,0,0.25,,,,1,0.25,1,,,,,1,,
1,1,133,0,0,0.25,,,,1,0.25,1,,,,,1,,
1,1,134,0,0,0.25,,,,0,0.25,1.5,1,1,0.50,1,1,,
1,1,135,0,0,0.25,,,,0,0.25,1.7,3,0,0.70,1,1,,
1,1,136,0,0,0.25,,,,0,0.25,1,,,,,1,,
1,1,137,0,0,0.25,,,,0,0.25,1,,,,,1,,
1,1,138,0,0,0.25,,,,0,0.25,1.7,1,0,0.70,1,1,,
1,1,139,0,0,0.25,,,,1,0.25,1,,,,,1,,
1,1,140,0,0,0.25,,,,1,0.25,1,,,,,1,,
1,1,141,0,0,0.25,,,,0,0.25,1.7,2,1,0.70,1,1,,
1,1,142,0,0,0.25,,,,0,0.25,1,,,,,1,,
1,1,143,0,0,0.25,,,,0,0.25,1.35,1,0,0.35,1,1,,
1,1,144,0,0,0.25,,,,0,0.25,1.7,1,1,0.70,1,1,,
1,1,145,0,0,0.25,,,,0,0.25,1,,,,,1,,
1,1,146,0,0,0.25,,,,0,0.25,1.5,1,1,0.50,1,1,,
1,1,147,0,0,0.25,,,,1,0.25,1,,,,,1,,
1,1,148,0,0,0.25,,,,0,0.25,1,,,,,1,,
1,1,149,0,0,0.25,,,,0,0.25,1,,,,,1,,
1,1,150,0,0,0.25,,,,1,0.25,1.6,0,1,0.60,1,1,,
1,1,151,0,0,0.25,,,,1,0.25,1,,,,,1,,
1,1,152,0,0,0.25,,,,0,0.25,1,,,,,1,,
1,1,153,0,0,0.25,,,,0,0.25,1.7,1,0,0.70,1,1,,
1,1,154,0,0,0.25,,,,0,0.25,1,,,,,1,,
1,1,155,0,0,0.25,,,,0,0.25,1.95,3,1,0.95,1,1,,
1,1,156,0,0,0.25,,,,0,0.25,1,,,,,1,,
1,1,157,0,0,0.25,,,,0,0.25,1,,,,,1,,
1,1,158,0,0,0.25,,,,0,0.25,1.95,1,0,0.95,1,1,,
1,1,159,0,0,0.25,,,,0,0.25,1,,,,,1,,
1,1,160,0,0,0.25,,,,1,0.25,1,,,,,1,,
1,1,161,0,0,0.25,,,,0,0.25,1,,,,,1,,
1,1,162,0,0,0.25,,,,1,0.25,1,,,,,1,,
1,1,163,0,0,0.25,,,,1,0.25,1.5,3,1,0.50,1,1,,
1,1,164,0,0,0.25,,,,0,0.25,1,,,,,1,,
1,1,165,0,0,0.25,,,,1,0.25,1,,,,,1,,
1,1,166,0,0,0.25,,,,1,0.25,1,,,,,1,,
1,1,167,0,0,0.25,,,,1,0.25,1.95,0,0,0.95,1,1,,
1,1,168,0,0,0.25,,,,1,0.25,1,,,,,1,,
1,1,169,0,0,0.25,,,,0,0.25,1,,,,,1,,
1,1,170,0,0,0.25,,,,1,0.25,1,,,,,1,,
1,1,171,0,0,0.25,,,,0,0.25,1.5,1,1,0.50,1,1,,
1,1,172,0,0,0.25,,,,0,0.25,1.95,0,0,0.95,1,1,,
1,1,173,0,0,0.25,,,,1,0.25,1.6,3,1,0.60,1,1,,
1,1,174,0,0,0.25,,,,0,0.25,1,,,,,1,,
1,1,175,0,0,0.25,,,,0,0.25,1.35,3,0,0.35,1,1,,
1,1,176,0,0,0.25,,,,0,0.25,1,,,,,1,,
1,1,177,0,0,0.25,,,,1,0.25,1,,,,,1,,
1,1,178,0,0,0.25,,,,0,0.25,1.35,1,0,0.35,1,1,,
1,1,179,0,0,0.25,,,,0,0.25,1,,,,,1,,
1,1,180,0,0,0.25,,,,1,0.25,1,,,,,1,,
1,1,181,0,0,0.25,,,,1,0.25,1,,,,,1,,
1,1,182,0,0,0.25,,,,1,0.25,1,,,,,1,,
1,1,183,0,0,0.25,,,,1,0.25,1.95,2,1,0.95,1,1,,
1,1,184,0,0,0.25,,,,1,0.25,1.7,0,1,0.70,1,1,,
1,1,185,0,0,0.25,,,,1,0.25,1,,,,,1,,
1,1,186,0,0,0.25,,,,1,0.25,1,,,,,1,,
1,1,187,0,0,0.25,,,,0,0.25,1.6,1,0,0.60,1,1,,
1,1,188,0,0,0.25,,,,0,0.25,1,,,,,1,,
1,1,189,0,0,0.25,,,,1,0.25,1.5,0,1,0.50,1,1,,
1,1,190,0,0,0.25,,,,0,0.25,1,,,,,1,,
1,1,191,0,0,0.25,,,,1,0.25,1,,,,,1,,
1,1,192,0,0,0.25,,,,1,0.25,1,,,,,1,,
1,1,193,0,0,0.25,,,,0,0.25,1.6,1,0,0.60,1,1,,
1,1,194,0,0,0.25,,,,1,0.25,1.35,0,0,0.35,1,1,,
1,1,195,0,0,0.25,,,,0,0.25,1.95,3,0,0.95,1,1,,
1,1,196,0,0,0.25,,,,0,0.25,1,,,,,1,,
1,1,197,0,0,0.25,,,,0,0.25,1,,,,,1,,
1,1,198,0,0,0.25,,,,0,0.25,1.6,2,1,0.60,1,1,,
1,1,199,0,0,0.25,,,,0,0.25,1,,,,,1,,
1,1,200,0,0,0.25,,,,1,0.25,1,,,,,1,,
1,1,201,0,0,0.25,,,,1,0.25,1,,,,,1,,
1,1,202,0,0,0.25,,,,0,0.25,1.7,2,0,0.70,1,1,,
1,1,203,0,0,0.25,,,,0,0.25,1.95,2,1,0.95,1,1,,
1,1,204,0,0,0.25,,,,1,0.25,1.5,1,0,0.50,1,1,,
1,1,205,0,0,0.25,,,,1,0.25,1,,,,,1,,
1,1,206,0,0,0.25,,,,1,0.25,1,,,,,1,,
1,1,207,0,0,0.25,,,,1,0.25,1.95,1,1,0.95,1,1,,
1,1,208,0,0,0.25,,,,0,0.25,1,,,,,1,,
1,1,209,0,0,0.25,,,,0,0.25,1.35,3,1,0.35,1,1,,
1,1,210,0,0,0.25,,,,1,0.25,1,,,,,1,,
1,1,211,0,0,0.25,,,,0,0.25,1,,,,,1,,
1,1,212,0,0,0.25,,,,1,0.25,1,,,,,1,,
1,1,213,0,0,0.25,,,,0,0.25,1,,,,,1,,
1,1,214,0,0,0.25,,,,1,0.25,1.6,1,0,0.60,1,1,,
1,1,215,0,0,0.25,,,,1,0.25,1,,,,,1,,
1,1,216,0,0,0.25,,,,1,0.25,1.95,2,0,0.95,1,1,,
1,1,217,0,0,0.25,,,,1,0.25,1,,,,,1,,
1,1,218,0,0,0.25,,,,0,0.25,1,,,,,1,,
1,1,219,0,0,0.25,,,,1,0.25,1.95,1,1,0.95,1,1,,
1,1,220,0,0,0.25,,,,1,0.25,1.35,0,0,0.35,1,1,,
1,1,221,0,0,0.25,,,,0,0.25,1.6,3,0,0.60,1,1,,
1,1,222,0,0,0.25,,,,0,0.25,1,,,,,1,,
1,1,223,0,0,0.25,,,,0,0.25,1,,,,,1,,
1,1,224,0,0,0.25,,,,1,0.25,1.35,3,1,0.35,1,1,,
1,1,225,0,0,0.25,,,,0,0.25,1,,,,,1,,
1,1,226,0,0,0.25,,,,0,0.25,1.6,0,0,0.60,1,1,,
1,1,227,0,0,0.25,,,,0,0.25,1.5,2,1,0.50,1,1,,
1,1,228,0,0,0.25,,,,0,0.25,1,,,,,1,,
1,1,229,0,0,0.25,,,,1,0.25,1,,,,,1,,
1,1,230,0,0,0.25,,,,1,0.25,1,,,,,1,,
1,1,231,0,0,0.25,,,,1,0.25,1.95,2,0,0.95,1,1,,
1,1,232,0,0,0.25,,,,0,0.25,1.35,2,1,0.35,1,1,,
1,1,233,0,0,0.25,,,,0,0.25,1.95,3,0,0.95,1,1,,
1,1,234,0,0,0.25,,,,0,0.25,1,,,,,1,,
1,1,235,0,0,0.25,,,,1,0.25,1.35,3,1,0.35,1,1,,
1,1,236,0,0,0.25,,,,1,0.25,1,,,,,1,,
1,1,237,0,0,0.25,,,,1,0.25,1.95,3,1,0.95,1,1,,
1,1,238,0,0,0.25,,,,1,0.25,1,,,,,1,,
1,1,239,0,0,0.25,,,,0,0.25,1.7,0,0,0.70,1,1,,
1,1,240,0,0,0.25,,,,1,0.25,1.7,1,0,0.70,1,1,,
1,1,241,0,0,0.25,,,,1,0.25,1,,,,,1,,
1,1,242,0,0,0.25,,,,0,0.25,1,,,,,1,,
1,1,243,0,0,0.25,,,,0,0.25,1.95,2,0,0.95,1,1,,
1,1,244,0,0,0.25,,,,1,0.25,1,,,,,1,,
1,1,245,0,0,0.25,,,,1,0.25,1.6,3,1,0.60,1,1,,
1,1,246,0,0,0.25,,,,0,0.25,1,,,,,1,,
1,1,247,0,0,0.25,,,,1,0.25,1.6,0,1,0.60,1,1,,
1,1,248,0,0,0.25,,,,0,0.25,1,,,,,1,,
1,1,249,0,0,0.25,,,,0,0.25,1.95,0,0,0.95,1,1,,
1,1,250,0,0,0.25,,,,1,0.25,1,,,,,1,,
1,1,251,0,0,0.25,,,,0,0.25,1,,,,,1,,
1,1,252,0,0,0.25,,,,0,0.25,1.6,2,0,0.60,1,1,,
1,1,253,0,0,0.25,,,,1,0.25,1,,,,,1,,
1,1,254,0,0,0.25,,,,1,0.25,1.6,2,1,0.60,1,1,,
1,1,255,0,0,0.25,,,,1,0.25,1,,,,,1,,
1,1,256,0,0,0.25,,,,1,0.25,1,,,,,1,,
1,1,257,0,0,0.25,,,,0,0.25,1,,,,,1,,
1,1,258,0,0,0.25,,,,1,0.25,1.35,1,1,0.35,1,1,,
1,1,259,0,0,0.25,,,,0,0.25,1,,,,,1,,
1,1,260,0,0,0.25,,,,0,0.25,1.7,0,0,0.70,1,1,,
1,1,261,0,0,0.25,,,,1,0.25,1,,,,,1,,
1,1,262,0,0,0.25,,,,0,0.25,1,,,,,1,,
1,1,263,0,0,0.25,,,,1,0.25,1,,,,,1,,
1,1,264,0,0,0.25,,,,1,0.25,1,,,,,1,,
1,1,265,0,0,0.25,,,,1,0.25,1,,,,,1,,
1,1,266,0,0,0.25,,,,0,0.25,1,,,,,1,,
1,1,267,0,0,0.25,,,,1,0.25,1.5,3,1,0.50,1,1,,
1,1,268,0,0,0.25,,,,0,0.25,1,,,,,1,,
1,1,269,0,0,0.25,,,,0,0.25,1,,,,,1,,
1,1,270,0,0,0.25,,,,0,0.25,1,,,,,1,,
1,1,271,0,0,0.25,,,,0,0.25,1.35,1,0,0.35,1,1,,
1,1,272,0,0,0.25,,,,1,0.25,1.5,3,1,0.50,1,1,,
1,1,273,0,0,0.25,,,,1,0.25,1.6,3,1,0.60,1,1,,
1,1,274,0,0,0.25,,,,1,0.25,1,,,,,1,,
1,1,275,0,0,0.25,,,,0,0.25,1.6,1,1,0.60,1,1,,
1,1,276,0,0,0.25,,,,1,0.25,1,,,,,1,,
1,1,277,0,0,0.25,,,,0,0.25,1.35,2,0,0.35,1,1,,
1,1,278,0,0,0.25,,,,0,0.25,1.6,0,1,0.60,1,1,,
1,1,279,0,0,0.25,,,,0,0.25,1,,,,,1,,
1,1,280,0,0,0.25,,,,0,0.25,1,,,,,1,,
1,1,281,0,0,0.25,,,,1,0.25,1,,,,,1,,
1,1,282,0,0,0.25,,,,1,0.25,1,,,,,1,,
1,1,283,0,0,0.25,,,,1,0.25,1,,,,,1,,
1,1,284,0,0,0.25,,,,1,0.25,1,,,,,1,,
1,1,285,0,0,0.25,,,,1,0.25,1,,,,,1,,
1,1,286,0,0,0.25,,,,0,0.25,1.7,0,0,0.70,1,1,,
1,1,287,0,0,0.25,,,,1,0.25,1.6,1,0,0.60,1,1,,
1,1,288,0,0,0.25,,,,1,0.25,1,,,,,1,,
1,1,289,0,0,0.25,,,,1,0.25,1,,,,,1,,
1,1,290,0,0,0.25,,,,1,0.25,1.5,1,0,0.50,1,1,,
1,1,291,0,0,0.25,,,,1,0.25,1,,,,,1,,
1,1,292,0,0,0.25,,,,0,0.25,1.6,2,0,0.60,1,1,,
1,1,293,0,0,0.25,,,,1,0.25,1,,,,,1,,
1,1,294,0,0,0.25,,,,1,0.25,1,,,,,1,,
1,1,295,0,0,0.25,,,,0,0.25,1.7,1,1,0.70,1,1,,
1,1,296,0,0,0.25,,,,0,0.25,1.5,0,1,0.50,1,1,,
1,1,297,0,0,0.25,,,,0,0.25,1.35,2,1,0.35,1,1,,
1,1,298,0,0,0.25,,,,0,0.25,1.6,2,0,0.60,1,1,,
1,1,299,0,0,0.25,,,,0,0.25,1.95,3,1,0.95,1,1,,
1,1,300,0,0,0.25,,,,0,0.25,1.35,2,0,0.35,1,1,,
1,1,301,0,0,0.25,,,,1,0.25,1.7,0,1,0.70,1,1,,
1,1,302,0,0,0.25,,,,1,0.25,1,,,,,1,,
1,1,303,0,0,0.25,,,,0,0.25,1.6,3,0,0.60,1,1,,
1,1,304,0,0,0.25,,,,0,0.25,1,,,,,1,,
1,1,305,0,0,0.25,,,,0,0.25,1,,,,,1,,
1,1,306,0,0,0.25,,,,0,0.25,1,,,,,1,,
1,1,307,0,0,0.25,,,,1,0.25,1.95,1,0,0.95,1,1,,
1,1,308,0,0,0.25,,,,1,0.25,1,,,,,1,,
1,1,309,0,0,0.25,,,,1,0.25,1,,,,,1,,
1,1,310,0,0,0.25,,,,1,0.25,1,,,,,1,,
1,1,311,0,0,0.25,,,,1,0.25,1.95,1,1,0.95,1,1,,
1,1,312,0,0,0.25,,,,0,0.25,1,,,,,1,,
1,1,313,0,0,0.25,,,,1,0.25,1.95,0,0,0.95,1,1,,
1,1,314,0,0,0.25,,,,0,0.25,1,,,,,1,,
1,1,315,0,0,0.25,,,,0,0.25,1.7,2,0,0.70,1,1,,
1,1,316,0,0,0.25,,,,0,0.25,1,,,,,1,,
1,1,317,0,0,0.25,,,,0,0.25,1.95,2,1,0.95,1,1,,
1,1,318,0,0,0.25,,,,0,0.25,1.95,2,1,0.95,1,1,,
1,1,319,0,0,0.25,,,,1,0.25,1.95,1,1,0.95,1,1,,
1,1,320,0,0,0.25,,,,1,0.25,1,,,,,1,,
1,1,321,0,0,0.25,,,,1,0.25,1.7,1,1,0.70,1,1,,
1,1,322,0,0,0.25,,,,0,0.25,1,,,,,1,,
1,1,323,0,0,0.25,,,,0,0.25,1,,,,,1,,
1,1,324,0,0,0.25,,,,1,0.25,1,,,,,1,,
1,1,325,0,0,0.25,,,,1,0.25,1,,,,,1,,
1,1,326,0,0,0.25,,,,1,0.25,1.5,3,0,0.50,1,1,,
1,1,327,0,0,0.25,,,,0,0.25,1,,,,,1,,
1,1,328,0,0,0.25,,,,0,0.25,1.35,1,0,0.35,1,1,,
1,1,329,0,0,0.25,,,,0,0.25,1,,,,,1,,
1,1,330,0,0,0.25,,,,0,0.25,1.95,3,0,0.95,1,1,,
1,1,331,0,0,0.25,,,,1,0.25,1,,,,,1,,
1,1,332,0,0,0.25,,,,0,0.25,1.35,0,1,0.35,1,1,,
1,1,333,0,0,0.25,,,,0,0.25,1.7,2,0,0.70,1,1,,
1,1,334,0,0,0.25,,,,1,0.25,1.6,1,1,0.60,1,1,,
1,1,335,0,0,0.25,,,,1,0.25,1,,,,,1,,
1,1,336,0,0,0.25,,,,0,0.25,1.35,0,0,0.35,1,1,,
1,1,337,0,0,0.25,,,,0,0.25,1,,,,,1,,
1,1,338,0,0,0.25,,,,1,0.25,1.5,2,0,0.50,1,1,,
1,1,339,0,0,0.25,,,,1,0.25,1.5,0,0,0.50,1,1,,
1,1,340,0,0,0.25,,,,0,0.25,1.95,1,1,0.95,1,1,,
1,1,341,0,0,0.25,,,,1,0.25,1.35,1,1,0.35,1,1,,
1,1,342,0,0,0.25,,,,1,0.25,1,,,,,1,,
1,1,343,0,0,0.25,,,,1,0.25,1,,,,,1,,
1,1,344,0,0,0.25,,,,1,0.25,1,,,,,1,,
1,1,345,0,0,0.25,,,,0,0.25,1,,,,,1,,
1,1,346,0,0,0.25,,,,0,0.25,1,,,,,1,,
1,1,347,0,0,0.25,,,,0,0.25,1,,,,,1,,
1,1,348,0,0,0.25,,,,1,0.25,1,,,,,1,,
1,1,349,0,0,0.25,,,,1,0.25,1.95,0,1,0.95,1,1,,
1,1,350,0,0,0.25,,,,0,0.25,1.35,3,0,0.35,1,1,,
1,1,351,0,0,0.25,,,,0,0.25,1,,,,,1,,
1,1,352,0,0,0.25,,,,0,0.25,1,,,,,1,,
1,1,353,0,0,0.25,,,,1,0.25,1,,,,,1,,
1,1,354,0,0,0.25,,,,0,0.25,1.35,2,0,0.35,1,1,,
1,1,355,0,0,0.25,,,,1,0.25,1.6,1,1,0.60,1,1,,
1,1,356,0,0,0.25,,,,1,0.25,1,,,,,1,,
1,1,357,0,0,0.25,,,,0,0.25,1.5,1,0,0.50,1,1,,
1,1,358,0,0,0.25,,,,0,0.25,1.95,0,0,0.95,1,1,,
1,1,359,0,0,0.25,,,,1,0.25,1.95,1,1,0.95,1,1,,
1,1,360,0,0,0.25,,,,0,0.25,1.6,0,0,0.60,1,1,,
1,1,361,0,0,0.25,,,,0,0.25,1,,,,,1,,
1,1,362,0,0,0.25,,,,1,0.25,1.7,1,1,0.70,1,1,,
1,1,363,0,0,0.25,,,,0,0.25,1.7,0,1,0.70,1,1,,
1,1,364,0,0,0.25,,,,1,0.25,1.5,2,0,0.50,1,1,,
1,1,365,0,0,0.25,,,,1,0.25,1.95,0,0,0.95,1,1,,
1,1,366,0,0,0.25,,,,0,0.25,1.6,1,0,0.60,1,1,,
1,1,367,0,0,0.25,,,,1,0.25,1.35,1,0,0.35,1,1,,
1,1,368,0,0,0.25,,,,0,0.25,1.6,3,1,0.60,1,1,,
1,1,369,0,0,0.25,,,,0,0.25,1,,,,,1,,
1,1,370,0,0,0.25,,,,0,0.25,1,,,,,1,,
1,1,371,0,0,0.25,,,,1,0.25,1,,,,,1,,
1,1,372,0,0,0.25,,,,0,0.25,1.6,2,0,0.60,1,1,,
1,1,373,0,0,0.25,,,,0,0.25,1.95,3,0,0.95,1,1,,
1,1,374,0,0,0.25,,,,0,0.25,1.6,1,1,0.60,1,1,,
1,1,375,0,0,0.25,,,,0,0.25,1,,,,,1,,
1,1,376,0,0,0.25,,,,1,0.25,1.95,0,0,0.95,1,1,,
1,1,377,0,0,0.25,,,,1,0.25,1.95,3,0,0.95,1,1,,
1,1,378,0,0,0.25,,,,1,0.25,1.7,0,1,0.70,1,1,,
1,1,379,0,0,0.25,,,,1,0.25,1,,,,,1,,
1,1,380,0,0,0.25,,,,0,0.25,1,,,,,1,,
1,1,381,0,0,0.25,,,,0,0.25,1,,,,,1,,
1,1,382,0,0,0.25,,,,1,0.25,1,,,,,1,,
1,1,383,0,0,0.25,,,,1,0.25,1.35,3,1,0.35,1,1,,
1,1,384,0,0,0.25,,,,1,0.25,1.7,3,1,0.70,1,1,,
1,1,385,0,0,0.25,,,,1,0.25,1.6,1,0,0.60,1,1,,
1,1,386,0,0,0.25,,,,0,0.25,1,,,,,1,,
1,1,387,0,0,0.25,,,,1,0.25,1,,,,,1,,
1,1,388,0,0,0.25,,,,1,0.25,1,,,,,1,,
1,1,389,0,0,0.25,,,,0,0.25,1.35,0,0,0.35,1,1,,
1,1,390,0,0,0.25,,,,0,0.25,1,,,,,1,,
1,1,391,0,0,0.25,,,,1,0.25,1.6,1,1,0.60,1,1,,
1,1,392,0,0,0.25,,,,1,0.25,1,,,,,1,,
1,1,393,0,0,0.25,,,,0,0.25,1,,,,,1,,
1,1,394,0,0,0.25,,,,0,0.25,1,,,,,1,,
1,1,395,0,0,0.25,,,,1,0.25,1.95,1,1,0.95,1,1,,
1,1,396,0,0,0.25,,,,0,0.25,1.6,3,1,0.60,1,1,,
1,1,397,0,0,0.25,,,,0,0.25,1.7,2,0,0.70,1,1,,
1,1,398,0,0,0.25,,,,1,0.25,1,,,,,1,,
1,1,399,0,0,0.25,,,,0,0.25,1.35,1,0,0.35,1,1,,
1,1,400,0,0,0.25,,,,1,0.25,1,,,,,1,,
1,1,401,0,0,0.25,,,,1,0.25,1,,,,,1,,
1,1,402,0,0,0.25,,,,1,0.25,1.35,1,0,0.35,1,1,,
1,1,403,0,0,0.25,,,,0,0.25,1.5,0,0,0.50,1,1,,
1,1,404,0,0,0.25,,,,1,0.25,1.95,3,0,0.95,1,1,,
1,1,405,0,0,0.25,,,,0,0.25,1,,,,,1,,
1,1,406,0,0,0.25,,,,0,0.25,1,,,,,1,,
1,1,407,0,0,0.25,,,,1,0.25,1,,,,,1,,
1,1,408,0,0,0.25,,,,1,0.25,1,,,,,1,,
1,1,409,0,0,0.25,,,,0,0.25,1.7,0,0,0.70,1,1,,
1,1,410,0,0,0.25,,,,1,0.25,1.5,0,1,0.50,1,1,,
1,1,411,0,0,0.25,,,,0,0.25,1,,,,,1,,
1,1,412,0,0,0.25,,,,1,0.25,1.5,3,1,0.50,1,1,,
1,1,413,0,0,0.25,,,,1,0.25,1,,,,,1,,
1,1,414,0,0,0.25,,,,0,0.25,1,,,,,1,,
1,1,415,0,0,0.25,,,,1,0.25,1,,,,,1,,
1,1,416,0,0,0.25,,,,0,0.25,1.5,3,1,0.50,1,1,,
1,1,417,0,0,0.25,,,,0,0.25,1.7,0,0,0.70,1,1,,
1,1,418,0,0,0.25,,,,0,0.25,1.35,0,1,0.35,1,1,,
1,1,419,0,0,0.25,,,,0,0.25,1,,,,,1,,
1,1,420,0,0,0.25,,,,0,0.25,1,,,,,1,,
1,1,421,0,0,0.25,,,,1,0.25,1.35,2,1,0.35,1,1,,
1,1,422,0,0,0.25,,,,1,0.25,1,,,,,1,,
1,1,423,0,0,0.25,,,,1,0.25,1,,,,,1,,
1,1,424,0,0,0.25,,,,0,0.25,1,,,,,1,,
1,1,425,0,0,0.25,,,,0,0.25,1.7,2,1,0.70,1,1,,
1,1,426,0,0,0.25,,,,1,0.25,1,,,,,1,,
1,1,427,0,0,0.25,,,,1,0.25,1.5,2,1,0.50,1,1,,
1,1,428,0,0,0.25,,,,1,0.25,1,,,,,1,,
1,1,429,0,0,0.25,,,,1,0.25,1,,,,,1,,
1,1,430,0,0,0.25,,,,1,0.25,1.6,2,0,0.60,1,1,,
1,1,431,0,0,0.25,,,,1,0.25,1.95,1,1,0.95,1,1,,
1,1,432,0,0,0.25,,,,0,0.25,1,,,,,1,,
1,1,433,0,0,0.25,,,,0,0.25,1,,,,,1,,
1,1,434,0,0,0.25,,,,1,0.25,1,,,,,1,,
1,1,435,0,0,0.25,,,,1,0.25,1,,,,,1,,
1,1,436,0,0,0.25,,,,1,0.25,1,,,,,1,,
1,1,437,0,0,0.25,,,,1,0.25,1,,,,,1,,
1,1,438,0,0,0.25,,,,1,0.25,1,,,,,1,,
1,1,439,0,0,0.25,,,,1,0.25,1,,,,,1,,
1,1,440,0,0,0.25,,,,0,0.25,1,,,,,1,,
1,1,441,0,0,0.25,,,,1,0.25,1,,,,,1,,
1,1,442,0,0,0.25,,,,1,0.25,1,,,,,1,,
1,1,443,0,0,0.25,,,,1,0.25,1.35,3,0,0.35,1,1,,
1,1,444,0,0,0.25,,,,1,0.25,1.35,1,1,0.35,1,1,,
1,1,445,0,0,0.25,,,,0,0.25,1.6,2,0,0.60,1,1,,
1,1,446,0,0,0.25,,,,0,0.25,1.95,0,1,0.95,1,1,,
1,1,447,0,0,0.25,,,,1,0.25,1,,,,,1,,
1,1,448,0,0,0.25,,,,1,0.25,1.95,0,1,0.95,1,1,,
1,1,449,0,0,0.25,,,,0,0.25,1,,,,,1,,
1,1,450,0,0,0.25,,,,1,0.25,1.35,0,0,0.35,1,1,,
1,1,451,0,0,0.25,,,,0,0.25,1,,,,,1,,
1,1,452,0,0,0.25,,,,1,0.25,1.95,2,1,0.95,1,1,,
1,1,453,0,0,0.25,,,,1,0.25,1,,,,,1,,
1,1,454,0,0,0.25,,,,1,0.25,1,,,,,1,,
1,1,455,0,0,0.25,,,,1,0.25,1.35,1,0,0.35,1,1,,
1,1,456,0,0,0.25,,,,1,0.25,1,,,,,1,,
1,1,457,0,0,0.25,,,,0,0.25,1.5,0,1,0.50,1,1,,
1,1,458,0,0,0.25,,,,0,0.25,1,,,,,1,,
1,1,459,0,0,0.25,,,,0,0.25,1.7,3,0,0.70,1,1,,
1,1,460,0,0,0.25,,,,0,0.25,1,,,,,1,,
1,1,461,0,0,0.25,,,,1,0.25,1,,,,,1,,
1,1,462,0,0,0.25,,,,0,0.25,1.95,2,1,0.95,1,1,,
1,1,463,0,0,0.25,,,,1,0.25,1,,,,,1,,
1,1,464,0,0,0.25,,,,0,0.25,1.5,1,1,0.50,1,1,,
1,1,465,0,0,0.25,,,,1,0.25,1,,,,,1,,
1,1,466,0,0,0.25,,,,0,0.25,1,,,,,1,,
1,1,467,0,0,0.25,,,,0,0.25,1,,,,,1,,
1,1,468,0,0,0.25,,,,1,0.25,1,,,,,1,,
1,1,469,0,0,0.25,,,,1,0.25,1,,,,,1,,
1,1,470,0,0,0.25,,,,0,0.25,1,,,,,1,,
1,1,471,0,0,0.25,,,,0,0.25,1,,,,,1,,
1,1,472,0,0,0.25,,,,0,0.25,1.35,0,0,0.35,1,1,,
1,1,473,0,0,0.25,,,,0,0.25,1,,,,,1,,
1,1,474,0,0,0.25,,,,0,0.25,1,,,,,1,,
1,1,475,0,0,0.25,,,,0,0.25,1.5,0,0,0.50,1,1,,
1,1,476,0,0,0.25,,,,0,0.25,1,,,,,1,,
1,1,477,0,0,0.25,,,,0,0.25,1,,,,,1,,
1,1,478,0,0,0.25,,,,0,0.25,1,,,,,1,,
1,1,479,0,0,0.25,,,,1,0.25,1.5,3,0,0.50,1,1,,
1,1,480,0,0,0.25,,,,0,0.25,1,,,,,1,,
1,1,481,0,0,0.25,,,,1,0.25,1.6,0,1,0.60,1,1,,
1,1,482,0,0,0.25,,,,1,0.25,1,,,,,1,,
1,1,483,0,0,0.25,,,,0,0.25,1.95,1,1,0.95,1,1,,
1,1,484,0,0,0.25,,,,1,0.25,1.95,3,1,0.95,1,1,,
1,1,485,0,0,0.25,,,,0,0.25,1.95,1,0,0.95,1,1,,
1,1,486,0,0,0.25,,,,1,0.25,1,,,,,1,,
1,1,487,0,0,0.25,,,,1,0.25,1.6,3,1,0.60,1,1,,
1,1,488,0,0,0.25,,,,0,0.25,1.7,3,1,0.70,1,1,,
1,1,489,0,0,0.25,,,,0,0.25,1.5,3,1,0.50,1,1,,
1,1,490,0,0,0.25,,,,1,0.25,1,,,,,1,,
1,1,491,0,0,0.25,,,,0,0.25,1.5,1,1,0.50,1,1,,
1,1,492,0,0,0.25,,,,0,0.25,1,,,,,1,,
1,1,493,0,0,0.25,,,,1,0.25,1.7,1,1,0.70,1,1,,
1,1,494,0,0,0.25,,,,0,0.25,1.6,1,0,0.60,1,1,,
1,1,495,0,0,0.25,,,,0,0.25,1,,,,,1,,
1,1,496,0,0,0.25,,,,1,0.25,1.5,1,0,0.50,1,1,,
1,1,497,0,0,0.25,,,,0,0.25,1.95,0,0,0.95,1,1,,
1,1,498,0,0,0.25,,,,0,0.25,1.35,0,0,0.35,1,1,,
1,1,499,0,0,0.25,,,,0,0.25,1.7,0,1,0.70,1,1,,
1,1,500,0,0,0.25,,,,0,0.25,1,,,,,1,,
1,1,501,0,0,0.25,,,,0,0.25,1,,,,,1,,
1,1,502,0,0,0.25,,,,1,0.25,1.95,1,0,0.95,1,1,,
1,1,503,0,0,0.25,,,,1,0.25,1.7,0,1,0.70,1,1,,
1,1,504,0,0,0.25,,,,1,0.25,1,,,,,1,,
1,1,505,0,0,0.25,,,,0,0.25,1,,,,,1,,
1,1,506,0,0,0.25,,,,1,0.25,1,,,,,1,,
1,1,507,0,0,0.25,,,,1,0.25,1.35,3,0,0.35,1,1,,
1,1,508,0,0,0.25,,,,0,0.25,1,,,,,1,,
1,1,509,0,0,0.25,,,,0,0.25,1,,,,,1,,
1,1,510,0,0,0.25,,,,0,0.25,1.35,3,0,0.35,1,1,,
1,1,511,0,0,0.25,,,,1,0.25,1,,,,,1,,
1,1,512,0,0,0.25,,,,1,0.25,1,,,,,1,,
1,1,513,0,0,0.25,,,,0,0.25,1.7,1,0,0.70,1,1,,
1,1,514,0,0,0.25,,,,0,0.25,1,,,,,1,,
1,1,515,0,0,0.25,,,,1,0.25,1.6,2,0,0.60,1,1,,
1,1,516,0,0,0.25,,,,1,0.25,1.95,3,0,0.95,1,1,,
1,1,517,0,0,0.25,,,,0,0.25,1.95,1,1,0.95,1,1,,
1,1,518,0,0,0.25,,,,0,0.25,1.35,1,1,0.35,1,1,,
1,1,519,0,0,0.25,,,,0,0.25,1.6,0,1,0.60,1,1,,
1,1,520,0,0,0.25,,,,0,0.25,1.6,3,1,0.60,1,1,,
1,1,521,0,0,0.25,,,,1,0.25,1,,,,,1,,
1,1,522,0,0,0.25,,,,0,0.25,1,,,,,1,,
1,1,523,0,0,0.25,,,,0,0.25,1,,,,,1,,
1,1,524,0,0,0.25,,,,1,0.25,1,,,,,1,,
1,1,525,0,0,0.25,,,,1,0.25,1,,,,,1,,
1,1,526,0,0,0.25,,,,1,0.25,1,,,,,1,,
1,1,527,0,0,0.25,,,,0,0.25,1,,,,,1,,
1,1,528,0,0,0.25,,,,1,0.25,1.5,0,1,0.50,1,1,,
1,1,529,0,0,0.25,,,,1,0.25,1.6,3,0,0.60,1,1,,
1,1,530,0,0,0.25,,,,1,0.25,1,,,,,1,,
1,1,531,0,0,0.25,,,,0,0.25,1.5,1,1,0.50,1,1,,
1,1,532,0,0,0.25,,,,0,0.25,1,,,,,1,,
1,1,533,0,0,0.25,,,,0,0.25,1,,,,,1,,
1,1,534,0,0,0.25,,,,0,0.25,1.7,1,0,0.70,1,1,,
1,1,535,0,0,0.25,,,,1,0.25,1,,,,,1,,
1,1,536,0,0,0.25,,,,0,0.25,1.6,3,0,0.60,1,1,,
1,1,537,0,0,0.25,,,,0,0.25,1.5,0,1,0.50,1,1,,
1,1,538,0,0,0.25,,,,0,0.25,1,,,,,1,,
1,1,539,0,0,0.25,,,,0,0.25,1,,,,,1,,
1,1,540,0,0,0.25,,,,0,0.25,1.35,3,1,0.35,1,1,,
1,1,541,0,0,0.25,,,,1,0.25,1.5,3,0,0.50,1,1,,
1,1,542,0,0,0.25,,,,1,0.25,1.5,0,1,0.50,1,1,,
1,1,543,0,0,0.25,,,,1,0.25,1.5,0,0,0.50,1,1,,
1,1,544,0,0,0.25,,,,0,0.25,1,,,,,1,,
1,1,545,0,0,0.25,,,,0,0.25,1,,,,,1,,
1,1,546,0,0,0.25,,,,1,0.25,1.7,1,0,0.70,1,1,,
1,1,547,0,0,0.25,,,,0,0.25,1.6,2,1,0.60,1,1,,
1,1,548,0,0,0.25,,,,1,0.25,1,,,,,1,,
1,1,549,0,0,0.25,,,,0,0.25,1,,,,,1,,
1,1,550,0,0,0.25,,,,0,0.25,1.7,1,1,0.70,1,1,,
1,1,551,0,0,0.25,,,,1,0.25,1.7,2,0,0.70,1,1,,
1,1,552,0,0,0.25,,,,0,0.25,1,,,,,1,,
1,1,553,0,0,0.25,,,,0,0.25,1,,,,,1,,
1,1,554,0,0,0.25,,,,1,0.25,1.7,3,0,0.70,1,1,,
1,1,555,0,0,0.25,,,,0,0.25,1,,,,,1,,
1,1,556,0,0,0.25,,,,1,0.25,1.6,1,1,0.60,1,1,,
1,1,557,0,0,0.25,,,,1,0.25,1,,,,,1,,
1,1,558,0,0,0.25,,,,0,0.25,1.7,3,1,0.70,1,1,,
1,1,559,0,0,0.25,,,,0,0.25,1,,,,,1,,
1,1,560,0,0,0.25,,,,0,0.25,1.95,2,1,0.95,1,1,,
1,1,561,0,0,0.25,,,,0,0.25,1,,,,,1,,
1,1,562,0,0,0.25,,,,0,0.25,1,,,,,1,,
1,1,563,0,0,0.25,,,,0,0.25,1,,,,,1,,
1,1,564,0,0,0.25,,,,1,0.25,1,,,,,1,,
1,1,565,0,0,0.25,,,,0,0.25,1.35,1,1,0.35,1,1,,
1,1,566,0,0,0.25,,,,0,0.25,1.35,3,0,0.35,1,1,,
1,1,567,0,0,0.25,,,,1,0.25,1.5,2,0,0.50,1,1,,
1,1,568,0,0,0.25,,,,1,0.25,1.7,0,0,0.70,1,1,,
1,1,569,0,0,0.25,,,,0,0.25,1,,,,,1,,
1,1,570,0,0,0.25,,,,1,0.25,1,,,,,1,,
1,1,571,0,0,0.25,,,,1,0.25,1,,,,,1,,
1,1,572,0,0,0.25,,,,0,0.25,1,,,,,1,,
1,1,573,0,0,0.25,,,,0,0.25,1.5,2,1,0.50,1,1,,
1,1,574,0,0,0.25,,,,1,0.25,1,,,,,1,,
1,1,575,0,0,0.25,,,,1,0.25,1,,,,,1,,
1,1,576,0,0,0.25,,,,0,0.25,1.5,0,0,0.50,1,1,,
1,1,577,0,0,0.25,,,,0,0.25,1,,,,,1,,
1,1,578,0,0,0.25,,,,0,0.25,1,,,,,1,,
1,1,579,0,0,0.25,,,,1,0.25,1,,,,,1,,
1,1,580,0,0,0.25,,,,0,0.25,1,,,,,1,,
1,1,581,0,0,0.25,,,,0,0.25,1,,,,,1,,
1,1,582,0,0,0.25,,,,1,0.25,1.95,0,0,0.95,1,1,,
1,1,583,0,0,0.25,,,,1,0.25,1,,,,,1,,
1,1,584,0,0,0.25,,,,0,0.25,1.95,3,0,0.95,1,1,,
1,1,585,0,0,0.25,,,,1,0.25,1,,,,,1,,
1,1,586,0,0,0.25,,,,0,0.25,1,,,,,1,,
1,1,587,0,0,0.25,,,,0,0.25,1,,,,,1,,
1,1,588,0,0,0.25,,,,0,0.25,1.7,1,1,0.70,1,1,,
1,1,589,0,0,0.25,,,,1,0.25,1.35,1,0,0.35,1,1,,
1,1,590,0,0,0.25,,,,0,0.25,1,,,,,1,,
1,1,591,0,0,0.25,,,,1,0.25,1,,,,,1,,
1,1,592,0,0,0.25,,,,0,0.25,1.95,1,1,0.95,1,1,,
1,1,593,0,0,0.25,,,,0,0.25,1,,,,,1,,
1,1,594,0,0,0.25,,,,0,0.25,1.35,0,0,0.35,1,1,,
1,1,595,0,0,0.25,,,,0,0.25,1.95,0,1,0.95,1,1,,
1,1,596,0,0,0.25,,,,0,0.25,1,,,,,1,,
1,1,597,0,0,0.25,,,,1,0.25,1,,,,,1,,
1,1,598,0,0,0.25,,,,0,0.25,1.7,2,0,0.70,1,1,,
1,1,599,0,0,0.25,,,,0,0.25,1.6,2,1,0.60,1,1,,
1,1,600,0,0,0.25,,,,1,0.25,1.35,3,1,0.35,1,1,,
1,1,601,0,0,0.25,,,,0,0.25,1,,,,,1,,
1,1,602,0,0,0.25,,,,0,0.25,1,,,,,1,,
1,1,603,0,0,0.25,,,,1,0.25,1.6,0,0,0.60,1,1,,
1,1,604,0,0,0.25,,,,1,0.25,1,,,,,1,,
1,1,605,0,0,0.25,,,,0,0.25,1.6,2,0,0.60,1,1,,
1,1,606,0,0,0.25,,,,0,0.25,1,,,,,1,,
1,1,607,0,0,0.25,,,,0,0.25,1,,,,,1,,
1,1,608,0,0,0.25,,,,0,0.25,1.6,3,1,0.60,1,1,,
1,1,609,0,0,0.25,,,,0,0.25,1,,,,,1,,
1,1,610,0,0,0.25,,,,1,0.25,1,,,,,1,,
1,1,611,0,0,0.25,,,,0,0.25,1,,,,,1,,
1,1,612,0,0,0.25,,,,0,0.25,1.95,3,0,0.95,1,1,,
1,1,613,0,0,0.25,,,,0,0.25,1,,,,,1,,
1,1,614,0,0,0.25,,,,0,0.25,1,,,,,1,,
1,1,615,0,0,0.25,,,,1,0.25,1.95,1,1,0.95,1,1,,
1,1,616,0,0,0.25,,,,1,0.25,1,,,,,1,,
1,1,617,0,0,0.25,,,,0,0.25,1,,,,,1,,
1,1,618,0,0,0.25,,,,0,0.25,1.95,2,1,0.95,1,1,,
1,1,619,0,0,0.25,,,,0,0.25,1,,,,,1,,
1,1,620,0,0,0.25,,,,0,0.25,1.5,2,0,0.50,1,1,,
1,1,621,0,0,0.25,,,,1,0.25,1,,,,,1,,
1,1,622,0,0,0.25,,,,0,0.25,1,,,,,1,,
1,1,623,0,0,0.25,,,,1,0.25,1.6,2,1,0.60,1,1,,
1,1,624,0,0,0.25,,,,1,0.25,1,,,,,1,,
1,1,625,0,0,0.25,,,,0,0.25,1,,,,,1,,
1,1,626,0,0,0.25,,,,1,0.25,1,,,,,1,,
1,1,627,0,0,0.25,,,,0,0.25,1.35,3,1,0.35,1,1,,
1,1,628,0,0,0.25,,,,1,0.25,1.35,0,0,0.35,1,1,,
1,1,629,0,0,0.25,,,,1,0.25,1,,,,,1,,
1,1,630,0,0,0.25,,,,1,0.25,1.7,0,1,0.70,1,1,,
1,1,631,0,0,0.25,,,,0,0.25,1,,,,,1,,
1,1,632,0,0,0.25,,,,1,0.25,1.95,2,1,0.95,1,1,,
1,1,633,0,0,0.25,,,,1,0.25,1,,,,,1,,
1,1,634,0,0,0.25,,,,0,0.25,1.7,2,0,0.70,1,1,,
1,1,635,0,0,0.25,,,,1,0.25,1.95,1,0,0.95,1,1,,
1,1,636,0,0,0.25,,,,0,0.25,1.7,1,0,0.70,1,1,,
1,1,637,0,0,0.25,,,,1,0.25,1,,,,,1,,
1,1,638,0,0,0.25,,,,0,0.25,1.5,1,0,0.50,1,1,,
1,1,639,0,0,0.25,,,,0,0.25,1,,,,,1,,
1,1,640,0,0,0.25,,,,1,0.25,1,,,,,1,,
1,1,641,0,0,0.25,,,,1,0.25,1,,,,,1,,
1,1,642,0,0,0.25,,,,1,0.25,1,,,,,1,,
1,1,643,0,0,0.25,,,,0,0.25,1.7,3,0,0.70,1,1,,
1,1,644,0,0,0.25,,,,1,0.25,1.95,1,1,0.95,1,1,,
1,1,645,0,0,0.25,,,,0,0.25,1.6,2,1,0.60,1,1,,
1,1,646,0,0,0.25,,,,1,0.25,1,,,,,1,,
1,1,647,0,0,0.25,,,,1,0.25,1.95,0,1,0.95,1,1,,
1,1,648,0,0,0.25,,,,1,0.25,1,,,,,1,,
1,1,649,0,0,0.25,,,,1,0.25,1.7,3,1,0.70,1,1,,
1,1,650,0,0,0.25,,,,1,0.25,1,,,,,1,,
1,1,651,0,0,0.25,,,,0,0.25,1.7,0,1,0.70,1,1,,
1,1,652,0,0,0.25,,,,1,0.25,1.6,0,0,0.60,1,1,,
1,1,653,0,0,0.25,,,,0,0.25,1.95,2,0,0.95,1,1,,
1,1,654,0,0,0.25,,,,1,0.25,1,,,,,1,,
1,1,655,0,0,0.25,,,,1,0.25,1,,,,,1,,
1,1,656,0,0,0.25,,,,1,0.25,1,,,,,1,,
1,1,657,0,0,0.25,,,,0,0.25,1,,,,,1,,
1,1,658,0,0,0.25,,,,0,0.25,1.7,3,1,0.70,1,1,,
1,1,659,0,0,0.25,,,,1,0.25,1,,,,,1,,
1,1,660,0,0,0.25,,,,0,0.25,1.35,2,0,0.35,1,1,,
1,1,661,0,0,0.25,,,,1,0.25,1.35,0,1,0.35,1,1,,
1,1,662,0,0,0.25,,,,0,0.25,1,,,,,1,,
1,1,663,0,0,0.25,,,,1,0.25,1,,,,,1,,
1,1,664,0,0,0.25,,,,0,0.25,1.6,1,0,0.60,1,1,,
1,1,665,0,0,0.25,,,,0,0.25,1,,,,,1,,
1,1,666,0,0,0.25,,,,0,0.25,1.6,2,0,0.60,1,1,,
1,1,667,0,0,0.25,,,,0,0.25,1.7,1,0,0.70,1,1,,
1,1,668,0,0,0.25,,,,1,0.25,1,,,,,1,,
1,1,669,0,0,0.25,,,,0,0.25,1,,,,,1,,
1,1,670,0,0,0.25,,,,1,0.25,1.35,0,1,0.35,1,1,,
1,1,671,0,0,0.25,,,,0,0.25,1,,,,,1,,
1,1,672,0,0,0.25,,,,1,0.25,1.7,2,0,0.70,1,1,,
1,1,673,0,0,0.25,,,,1,0.25,1,,,,,1,,
1,1,674,0,0,0.25,,,,0,0.25,1.95,2,1,0.95,1,1,,
1,1,675,0,0,0.25,,,,0,0.25,1,,,,,1,,
1,1,676,0,0,0.25,,,,0,0.25,1.35,1,0,0.35,1,1,,
1,1,677,0,0,0.25,,,,0,0.25,1.6,0,0,0.60,1,1,,
1,1,678,0,0,0.25,,,,1,0.25,1.95,1,0,0.95,1,1,,
1,1,679,0,0,0.25,,,,1,0.25,1,,,,,1,,
1,1,680,0,0,0.25,,,,0,0.25,1,,,,,1,,
1,1,681,0,0,0.25,,,,0,0.25,1.35,3,0,0.35,1,1,,
1,1,682,0,0,0.25,,,,0,0.25,1.6,2,0,0.60,1,1,,
1,1,683,0,0,0.25,,,,1,0.25,1.35,3,0,0.35,1,1,,
1,1,684,0,0,0.25,,,,1,0.25,1,,,,,1,,
1,1,685,0,0,0.25,,,,1,0.25,1.95,3,1,0.95,1,1,,
1,1,686,0,0,0.25,,,,0,0.25,1.5,2,1,0.50,1,1,,
1,1,687,0,0,0.25,,,,0,0.25,1,,,,,1,,
1,1,688,0,0,0.25,,,,0,0.25,1,,,,,1,,
1,1,689,0,0,0.25,,,,1,0.25,1,,,,,1,,
1,1,690,0,0,0.25,,,,1,0.25,1.6,3,0,0.60,1,1,,
1,1,691,0,0,0.25,,,,0,0.25,1.6,3,0,0.60,1,1,,
1,1,692,0,0,0.25,,,,0,0.25,1,,,,,1,,
1,1,693,0,0,0.25,,,,0,0.25,1,,,,,1,,
1,1,694,0,0,0.25,,,,0,0.25,1.6,1,0,0.60,1,1,,
1,1,695,0,0,0.25,,,,0,0.25,1.35,2,1,0.35,1,1,,
1,1,696,0,0,0.25,,,,0,0.25,1.6,1,0,0.60,1,1,,
1,1,697,0,0,0.25,,,,0,0.25,1.5,2,1,0.50,1,1,,
1,1,698,0,0,0.25,,,,0,0.25,1.95,2,0,0.95,1,1,,
1,1,699,0,0,0.25,,,,0,0.25,1,,,,,1,,
1,1,700,0,0,0.25,,,,0,0.25,1,,,,,1,,
1,1,701,0,0,0.25,,,,1,0.25,1.5,1,0,0.50,1,1,,
1,1,702,0,0,0.25,,,,0,0.25,1,,,,,1,,
1,1,703,0,0,0.25,,,,1,0.25,1.5,0,1,0.50,1,1,,
1,1,704,0,0,0.25,,,,1,0.25,1.6,3,1,0.60,1,1,,
1,1,705,0,0,0.25,,,,1,0.25,1,,,,,1,,
1,1,706,0,0,0.25,,,,1,0.25,1.35,1,1,0.35,1,1,,
1,1,707,0,0,0.25,,,,0,0.25,1.5,1,1,0.50,1,1,,
1,1,708,0,0,0.25,,,,1,0.25,1,,,,,1,,
1,1,709,0,0,0.25,,,,1,0.25,1,,,,,1,,
1,1,710,0,0,0.25,,,,1,0.25,1.95,3,0,0.95,1,1,,
1,1,711,0,0,0.25,,,,0,0.25,1,,,,,1,,
1,1,712,0,0,0.25,,,,0,0.25,1.5,2,1,0.50,1,1,,
1,1,713,0,0,0.25,,,,0,0.25,1.95,2,0,0.95,1,1,,
1,1,714,0,0,0.25,,,,0,0.25,1,,,,,1,,
1,1,715,0,0,0.25,,,,1,0.25,1.5,2,0,0.50,1,1,,
1,1,716,0,0,0.25,,,,1,0.25,1.35,2,0,0.35,1,1,,
1,1,717,0,0,0.25,,,,1,0.25,1,,,,,1,,
1,1,718,0,0,0.25,,,,1,0.25,1.5,0,1,0.50,1,1,,
1,1,719,0,0,0.25,,,,0,0.25,1,,,,,1,,
1,1,720,0,0,0.25,,,,1,0.25,1.5,3,0,0.50,1,1,,
1,1,721,0,0,0.25,,,,0,0.25,1.35,0,0,0.35,1,1,,
1,1,722,0,0,0.25,,,,0,0.25,1.6,2,0,0.60,1,1,,
1,1,723,0,0,0.25,,,,1,0.25,1.7,3,0,0.70,1,1,,
1,1,724,0,0,0.25,,,,1,0.25,1.5,0,0,0.50,1,1,,
1,1,725,0,0,0.25,,,,1,0.25,1,,,,,1,,
1,1,726,0,0,0.25,,,,1,0.25,1.95,3,1,0.95,1,1,,
1,1,727,0,0,0.25,,,,0,0.25,1,,,,,1,,
1,1,728,0,0,0.25,,,,0,0.25,1,,,,,1,,
1,1,729,0,0,0.25,,,,0,0.25,1,,,,,1,,
1,1,730,0,0,0.25,,,,1,0.25,1,,,,,1,,
1,1,731,0,0,0.25,,,,1,0.25,1,,,,,1,,
1,1,732,0,0,0.25,,,,1,0.25,1.7,1,1,0.70,1,1,,
1,1,733,0,0,0.25,,,,1,0.25,1.95,0,0,0.95,1,1,,
1,1,734,0,0,0.25,,,,1,0.25,1.35,2,0,0.35,1,1,,
1,1,735,0,0,0.25,,,,1,0.25,1,,,,,1,,
1,1,736,0,0,0.25,,,,1,0.25,1,,,,,1,,
1,1,737,0,0,0.25,,,,0,0.25,1,,,,,1,,
1,1,738,0,0,0.25,,,,1,0.25,1,,,,,1,,
1,1,739,0,0,0.25,,,,1,0.25,1.95,0,0,0.95,1,1,,
1,1,740,0,0,0.25,,,,1,0.25,1.7,3,1,0.70,1,1,,
1,1,741,0,0,0.25,,,,1,0.25,1.6,3,1,0.60,1,1,,
1,1,742,0,0,0.25,,,,1,0.25,1.95,2,0,0.95,1,1,,
1,1,743,0,0,0.25,,,,0,0.25,1,,,,,1,,
1,1,744,0,0,0.25,,,,0,0.25,1,,,,,1,,
1,1,745,0,0,0.25,,,,1,0.25,1.6,0,1,0.60,1,1,,
1,1,746,0,0,0.25,,,,1,0.25,1,,,,,1,,
1,1,747,0,0,0.25,,,,0,0.25,1,,,,,1,,
1,1,748,0,0,0.25,,,,1,0.25,1.6,2,1,0.60,1,1,,
1,1,749,0,0,0.25,,,,0,0.25,1.7,1,1,0.70,1,1,,
1,2,750,0,0,0.25,,,,1,0.25,1,,,,,1,,
1,2,751,0,0,0.25,,,,0,0.25,1.5,3,1,0.50,1,1,,
1,2,752,0,0,0.25,,,,0,0.25,1,,,,,1,,
1,2,753,0,0,0.25,,,,1,0.25,1.95,3,0,0.95,1,1,,
1,2,754,0,0,0.25,,,,1,0.25,1,,,,,1,,
1,2,755,0,0,0.25,,,,0,0.25,1,,,,,1,,
1,2,756,0,0,0.25,,,,0,0.25,1.7,0,0,0.70,1,1,,
1,2,757,0,0,0.25,,,,1,0.25,1,,,,,1,,
1,2,758,0,0,0.25,,,,0,0.25,1,,,,,1,,
1,2,759,0,0,0.25,,,,0,0.25,1.35,3,1,0.35,1,1,,
1,2,760,0,0,0.25,,,,0,0.25,1.5,0,1,0.50,1,1,,
1,2,761,0,0,0.25,,,,0,0.25,1,,,,,1,,
1,2,762,0,0,0.25,,,,0,0.25,1,,,,,1,,
1,2,763,0,0,0.25,,,,1,0.25,1.35,2,0,0.35,1,1,,
1,2,764,0,0,0.25,,,,0,0.25,1.35,1,1,0.35,1,1,,
1,2,765,0,0,0.25,,,,1,0.25,1,,,,,1,,
1,2,766,0,0,0.25,,,,1,0.25,1.95,3,0,0.95,1,1,,
1,2,767,0,0,0.25,,,,0,0.25,1.7,1,1,0.70,1,1,,
1,2,768,0,0,0.25,,,,0,0.25,1,,,,,1,,
1,2,769,0,0,0.25,,,,0,0.25,1,,,,,1,,
1,2,770,0,0,0.25,,,,0,0.25,1,,,,,1,,
1,2,771,0,0,0.25,,,,0,0.25,1.35,2,0,0.35,1,1,,
1,2,772,0,0,0.25,,,,1,0.25,1.6,0,0,0.60,1,1,,
1,2,773,0,0,0.25,,,,1,0.25,1,,,,,1,,
1,2,774,0,0,0.25,,,,1,0.25,1.95,2,1,0.95,1,1,,
1,2,775,0,0,0.25,,,,0,0.25,1,,,,,1,,
1,2,776,0,0,0.25,,,,0,0.25,1.7,2,0,0.70,1,1,,
1,2,777,0,0,0.25,,,,1,0.25,1,,,,,1,,
1,2,778,0,0,0.25,,,,0,0.25,1,,,,,1,,
1,2,779,0,0,0.25,,,,0,0.25,1,,,,,1,,
1,2,780,0,0,0.25,,,,0,0.25,1,,,,,1,,
1,2,781,0,0,0.25,,,,1,0.25,1.95,1,0,0.95,1,1,,
1,2,782,0,0,0.25,,,,0,0.25,1.7,3,1,0.70,1,1,,
1,2,783,0,0,0.25,,,,1,0.25,1.35,2,1,0.35,1,1,,
1,2,784,0,0,0.25,,,,0,0.25,1.7,0,0,0.70,1,1,,
1,2,785,0,0,0.25,,,,1,0.25,1.6,2,0,0.60,1,1,,
1,2,786,0,0,0.25,,,,0,0.25,1.6,3,0,0.60,1,1,,
1,2,787,0,0,0.25,,,,1,0.25,1.5,2,0,0.50,1,1,,
1,2,788,0,0,0.25,,,,0,0.25,1.35,3,1,0.35,1,1,,
1,2,789,0,0,0.25,,,,1,0.25,1,,,,,1,,
1,2,790,0,0,0.25,,,,0,0.25,1.6,3,1,0.60,1,1,,
1,2,791,0,0,0.25,,,,1,0.25,1,,,,,1,,
1,2,792,0,0,0.25,,,,0,0.25,1,,,,,1,,
1,2,793,0,0,0.25,,,,0,0.25,1,,,,,1,,
1,2,794,0,0,0.25,,,,0,0.25,1,,,,,1,,
1,2,795,0,0,0.25,,,,0,0.25,1.95,3,0,0.95,1,1,,
1,2,796,0,0,0.25,,,,1,0.25,1,,,,,1,,
1,2,797,0,0,0.25,,,,0,0.25,1,,,,,1,,
1,2,798,0,0,0.25,,,,1,0.25,1,,,,,1,,
1,2,799,0,0,0.25,,,,1,0.25,1.5,0,1,0.50,1,1,,
1,2,800,0,0,0.25,,,,0,0.25,1.6,3,0,0.60,1,1,,
1,2,801,0,0,0.25,,,,0,0.25,1.6,2,1,0.60,1,1,,
1,2,802,0,0,0.25,,,,0,0.25,1,,,,,1,,
1,2,803,0,0,0.25,,,,1,0.25,1,,,,,1,,
1,2,804,0,0,0.25,,,,0,0.25,1.35,2,1,0.35,1,1,,
1,2,805,0,0,0.25,,,,1,0.25,1.6,1,0,0.60,1,1,,
1,2,806,0,0,0.25,,,,1,0.25,1,,,,,1,,
1,2,807,0,0,0.25,,,,0,0.25,1,,,,,1,,
1,2,808,0,0,0.25,,,,1,0.25,1,,,,,1,,
1,2,809,0,0,0.25,,,,0,0.25,1,,,,,1,,
1,2,810,0,0,0.25,,,,0,0.25,1.35,0,0,0.35,1,1,,
1,2,811,0,0,0.25,,,,0,0.25,1,,,,,1,,
1,2,812,0,0,0.25,,,,1,0.25,1,,,,,1,,
1,2,813,0,0,0.25,,,,1,0.25,1,,,,,1,,
1,2,814,0,0,0.25,,,,1,0.25,1.6,0,0,0.60,1,1,,
1,2,815,0,0,0.25,,,,1,0.25,1,,,,,1,,
1,2,816,0,0,0.25,,,,0,0.25,1,,,,,1,,
1,2,817,0,0,0.25,,,,1,0.25,1,,,,,1,,
1,2,818,0,0,0.25,,,,0,0.25,1.6,3,0,0.60,1,1,,
1,2,819,0,0,0.25,,,,0,0.25,1,,,,,1,,
1,2,820,0,0,0.25,,,,0,0.25,1,,,,,1,,
1,2,821,0,0,0.25,,,,1,0.25,1,,,,,1,,
1,2,822,0,0,0.25,,,,1,0.25,1,,,,,1,,
1,2,823,0,0,0.25,,,,1,0.25,1,,,,,1,,
1,2,824,0,0,0.25,,,,1,0.25,1,,,,,1,,
1,2,825,0,0,0.25,,,,0,0.25,1.95,3,0,0.95,1,1,,
1,2,826,0,0,0.25,,,,1,0.25,1.7,0,0,0.70,1,1,,
1,2,827,0,0,0.25,,,,1,0.25,1.7,3,0,0.70,1,1,,
1,2,828,0,0,0.25,,,,0,0.25,1.6,1,0,0.60,1,1,,
1,2,829,0,0,0.25,,,,0,0.25,1.7,0,1,0.70,1,1,,
1,2,830,0,0,0.25,,,,1,0.25,1,,,,,1,,
1,2,831,0,0,0.25,,,,0,0.25,1.95,3,1,0.95,1,1,,
1,2,832,0,0,0.25,,,,1,0.25,1,,,,,1,,
1,2,833,0,0,0.25,,,,1,0.25,1,,,,,1,,
1,2,834,0,0,0.25,,,,0,0.25,1,,,,,1,,
1,2,835,0,0,0.25,,,,0,0.25,1,,,,,1,,
1,2,836,0,0,0.25,,,,0,0.25,1,,,,,1,,
1,2,837,0,0,0.25,,,,1,0.25,1.35,0,1,0.35,1,1,,
1,2,838,0,0,0.25,,,,0,0.25,1.7,2,0,0.70,1,1,,
1,2,839,0,0,0.25,,,,1,0.25,1.5,1,1,0.50,1,1,,
1,2,840,0,0,0.25,,,,0,0.25,1.5,2,1,0.50,1,1,,
1,2,841,0,0,0.25,,,,1,0.25,1,,,,,1,,
1,2,842,0,0,0.25,,,,0,0.25,1,,,,,1,,
1,2,843,0,0,0.25,,,,0,0.25,1.6,0,1,0.60,1,1,,
1,2,844,0,0,0.25,,,,0,0.25,1.95,3,0,0.95,1,1,,
1,2,845,0,0,0.25,,,,0,0.25,1,,,,,1,,
1,2,846,0,0,0.25,,,,0,0.25,1,,,,,1,,
1,2,847,0,0,0.25,,,,0,0.25,1,,,,,1,,
1,2,848,0,0,0.25,,,,1,0.25,1,,,,,1,,
1,2,849,0,0,0.25,,,,1,0.25,1,,,,,1,,
1,2,850,0,0,0.25,,,,1,0.25,1,,,,,1,,
1,2,851,0,0,0.25,,,,0,0.25,1.95,1,0,0.95,1,1,,
1,2,852,0,0,0.25,,,,1,0.25,1,,,,,1,,
1,2,853,0,0,0.25,,,,1,0.25,1.35,2,1,0.35,1,1,,
1,2,854,0,0,0.25,,,,0,0.25,1,,,,,1,,
1,2,855,0,0,0.25,,,,0,0.25,1.5,1,0,0.50,1,1,,
1,2,856,0,0,0.25,,,,0,0.25,1,,,,,1,,
1,2,857,0,0,0.25,,,,1,0.25,1.5,3,0,0.50,1,1,,
1,2,858,0,0,0.25,,,,1,0.25,1,,,,,1,,
1,2,859,0,0,0.25,,,,1,0.25,1,,,,,1,,
1,2,860,0,0,0.25,,,,1,0.25,1.95,1,1,0.95,1,1,,
1,2,861,0,0,0.25,,,,0,0.25,1.7,2,0,0.70,1,1,,
1,2,862,0,0,0.25,,,,0,0.25,1,,,,,1,,
1,2,863,0,0,0.25,,,,1,0.25,1,,,,,1,,
1,2,864,0,0,0.25,,,,0,0.25,1.5,0,1,0.50,1,1,,
1,2,865,0,0,0.25,,,,1,0.25,1,,,,,1,,
1,2,866,0,0,0.25,,,,1,0.25,1,,,,,1,,
1,2,867,0,0,0.25,,,,0,0.25,1,,,,,1,,
1,2,868,0,0,0.25,,,,1,0.25,1,,,,,1,,
1,2,869,0,0,0.25,,,,1,0.25,1,,,,,1,,
1,2,870,0,0,0.25,,,,0,0.25,1,,,,,1,,
1,2,871,0,0,0.25,,,,0,0.25,1.6,0,0,0.60,1,1,,
1,2,872,0,0,0.25,,,,1,0.25,1,,,,,1,,
1,2,873,0,0,0.25,,,,1,0.25,1,,,,,1,,
1,2,874,0,0,0.25,,,,0,0.25,1.6,2,0,0.60,1,1,,
1,2,875,0,0,0.25,,,,1,0.25,1.35,1,0,0.35,1,1,,
1,2,876,0,0,0.25,,,,1,0.25,1,,,,,1,,
1,2,877,0,0,0.25,,,,0,0.25,1,,,,,1,,
1,2,878,0,0,0.25,,,,0,0.25,1.35,3,1,0.35,1,1,,
1,2,879,0,0,0.25,,,,1,0.25,1,,,,,1,,
1,2,880,0,0,0.25,,,,1,0.25,1.35,0,0,0.35,1,1,,
1,2,881,0,0,0.25,,,,1,0.25,1,,,,,1,,
1,2,882,0,0,0.25,,,,0,0.25,1.6,3,1,0.60,1,1,,
1,2,883,0,0,0.25,,,,1,0.25,1.35,2,0,0.35,1,1,,
1,2,884,0,0,0.25,,,,0,0.25,1.35,1,1,0.35,1,1,,
1,2,885,0,0,0.25,,,,0,0.25,1,,,,,1,,
1,2,886,0,0,0.25,,,,1,0.25,1,,,,,1,,
1,2,887,0,0,0.25,,,,1,0.25,1,,,,,1,,
1,2,888,0,0,0.25,,,,0,0.25,1.95,2,0,0.95,1,1,,
1,2,889,0,0,0.25,,,,1,0.25,1,,,,,1,,
1,2,890,0,0,0.25,,,,1,0.25,1.35,2,1,0.35,1,1,,
1,2,891,0,0,0.25,,,,0,0.25,1,,,,,1,,
1,2,892,0,0,0.25,,,,0,0.25,1.35,3,1,0.35,1,1,,
1,2,893,0,0,0.25,,,,1,0.25,1,,,,,1,,
1,2,894,0,0,0.25,,,,0,0.25,1,,,,,1,,
1,2,895,0,0,0.25,,,,0,0.25,1,,,,,1,,
1,2,896,0,0,0.25,,,,1,0.25,1,,,,,1,,
1,2,897,0,0,0.25,,,,0,0.25,1.6,1,1,0.60,1,1,,
1,2,898,0,0,0.25,,,,1,0.25,1,,,,,1,,
1,2,899,0,0,0.25,,,,1,0.25,1,,,,,1,,
1,2,900,0,0,0.25,,,,0,0.25,1.7,0,0,0.70,1,1,,
1,2,901,0,0,0.25,,,,1,0.25,1,,,,,1,,
1,2,902,0,0,0.25,,,,0,0.25,1,,,,,1,,
1,2,903,0,0,0.25,,,,0,0.25,1.35,1,0,0.35,1,1,,
1,2,904,0,0,0.25,,,,1,0.25,1,,,,,1,,
1,2,905,0,0,0.25,,,,1,0.25,1.6,3,1,0.60,1,1,,
1,2,906,0,0,0.25,,,,1,0.25,1.7,0,1,0.70,1,1,,
1,2,907,0,0,0.25,,,,1,0.25,1,,,,,1,,
1,2,908,0,0,0.25,,,,1,0.25,1,,,,,1,,
1,2,909,0,0,0.25,,,,1,0.25,1.7,2,1,0.70,1,1,,
1,2,910,0,0,0.25,,,,1,0.25,1.6,0,1,0.60,1,1,,
1,2,911,0,0,0.25,,,,0,0.25,1,,,,,1,,
1,2,912,0,0,0.25,,,,0,0.25,1,,,,,1,,
1,2,913,0,0,0.25,,,,0,0.25,1,,,,,1,,
1,2,914,0,0,0.25,,,,1,0.25,1,,,,,1,,
1,2,915,0,0,0.25,,,,0,0.25,1,,,,,1,,
1,2,916,0,0,0.25,,,,1,0.25,1.5,0,0,0.50,1,1,,
1,2,917,0,0,0.25,,,,1,0.25,1,,,,,1,,
1,2,918,0,0,0.25,,,,1,0.25,1.35,2,1,0.35,1,1,,
1,2,919,0,0,0.25,,,,0,0.25,1,,,,,1,,
1,2,920,0,0,0.25,,,,1,0.25,1,,,,,1,,
1,2,921,0,0,0.25,,,,1,0.25,1.7,2,1,0.70,1,1,,
1,2,922,0,0,0.25,,,,0,0.25,1,,,,,1,,
1,2,923,0,0,0.25,,,,1,0.25,1,,,,,1,,
1,2,924,0,0,0.25,,,,0,0.25,1,,,,,1,,
1,2,925,0,0,0.25,,,,0,0.25,1,,,,,1,,
1,2,926,0,0,0.25,,,,0,0.25,1,,,,,1,,
1,2,927,0,0,0.25,,,,1,0.25,1.95,3,0,0.95,1,1,,
1,2,928,0,0,0.25,,,,0,0.25,1,,,,,1,,
1,2,929,0,0,0.25,,,,0,0.25,1.5,3,0,0.50,1,1,,
1,2,930,0,0,0.25,,,,1,0.25,1,,,,,1,,
1,2,931,0,0,0.25,,,,0,0.25,1,,,,,1,,
1,2,932,0,0,0.25,,,,1,0.25,1.6,3,0,0.60,1,1,,
1,2,933,0,0,0.25,,,,0,0.25,1,,,,,1,,
1,2,934,0,0,0.25,,,,1,0.25,1,,,,,1,,
1,2,935,0,0,0.25,,,,1,0.25,1,,,,,1,,
1,2,936,0,0,0.25,,,,0,0.25,1.5,2,0,0.50,1,1,,
1,2,937,0,0,0.25,,,,1,0.25,1,,,,,1,,
1,2,938,0,0,0.25,,,,1,0.25,1,,,,,1,,
1,2,939,0,0,0.25,,,,1,0.25,1.7,0,0,0.70,1,1,,
1,2,940,0,0,0.25,,,,0,0.25,1,,,,,1,,
1,2,941,0,0,0.25,,,,0,0.25,1,,,,,1,,
1,2,942,0,0,0.25,,,,0,0.25,1,,,,,1,,
1,2,943,0,0,0.25,,,,0,0.25,1.35,3,1,0.35,1,1,,
1,2,944,0,0,0.25,,,,1,0.25,1,,,,,1,,
1,2,945,0,0,0.25,,,,1,0.25,1,,,,,1,,
1,2,946,0,0,0.25,,,,0,0.25,1,,,,,1,,
1,2,947,0,0,0.25,,,,0,0.25,1.95,1,1,0.95,1,1,,
1,2,948,0,0,0.25,,,,0,0.25,1,,,,,1,,
1,2,949,0,0,0.25,,,,0,0.25,1,,,,,1,,
1,2,950,0,0,0.25,,,,1,0.25,1.7,0,1,0.70,1,1,,
1,2,951,0,0,0.25,,,,0,0.25,1,,,,,1,,
1,2,952,0,0,0.25,,,,1,0.25,1.7,2,0,0.70,1,1,,
1,2,953,0,0,0.25,,,,1,0.25,1.5,2,0,0.50,1,1,,
1,2,954,0,0,0.25,,,,1,0.25,1.5,1,1,0.50,1,1,,
1,2,955,0,0,0.25,,,,0,0.25,1.7,1,0,0.70,1,1,,
1,2,956,0,0,0.25,,,,0,0.25,1,,,,,1,,
1,2,957,0,0,0.25,,,,0,0.25,1.7,2,1,0.70,1,1,,
1,2,958,0,0,0.25,,,,1,0.25,1,,,,,1,,
1,2,959,0,0,0.25,,,,0,0.25,1,,,,,1,,
1,2,960,0,0,0.25,,,,0,0.25,1.5,3,1,0.50,1,1,,
1,2,961,0,0,0.25,,,,0,0.25,1.35,1,1,0.35,1,1,,
1,2,962,0,0,0.25,,,,0,0.25,1,,,,,1,,
1,2,963,0,0,0.25,,,,1,0.25,1.6,1,1,0.60,1,1,,
1,2,964,0,0,0.25,,,,1,0.25,1,,,,,1,,
1,2,965,0,0,0.25,,,,0,0.25,1,,,,,1,,
1,2,966,0,0,0.25,,,,1,0.25,1.35,1,0,0.35,1,1,,
1,2,967,0,0,0.25,,,,1,0.25,1,,,,,1,,
1,2,968,0,0,0.25,,,,1,0.25,1,,,,,1,,
1,2,969,0,0,0.25,,,,0,0.25,1,,,,,1,,
1,2,970,0,0,0.25,,,,0,0.25,1.35,3,0,0.35,1,1,,
1,2,971,0,0,0.25,,,,0,0.25,1.5,3,1,0.50,1,1,,
1,2,972,0,0,0.25,,,,1,0.25,1.7,2,1,0.70,1,1,,
1,2,973,0,0,0.25,,,,1,0.25,1.7,2,0,0.70,1,1,,
1,2,974,0,0,0.25,,,,0,0.25,1.5,1,0,0.50,1,1,,
1,2,975,0,0,0.25,,,,0,0.25,1,,,,,1,,
1,2,976,0,0,0.25,,,,1,0.25,1.7,1,0,0.70,1,1,,
1,2,977,0,0,0.25,,,,0,0.25,1,,,,,1,,
1,2,978,0,0,0.25,,,,1,0.25,1.95,2,1,0.95,1,1,,
1,2,979,0,0,0.25,,,,0,0.25,1,,,,,1,,
1,2,980,0,0,0.25,,,,0,0.25,1.5,3,1,0.50,1,1,,
1,2,981,0,0,0.25,,,,1,0.25,1.95,1,0,0.95,1,1,,
1,2,982,0,0,0.25,,,,0,0.25,1,,,,,1,,
1,2,983,0,0,0.25,,,,0,0.25,1,,,,,1,,
1,2,984,0,0,0.25,,,,0,0.25,1.35,2,1,0.35,1,1,,
1,2,985,0,0,0.25,,,,0,0.25,1,,,,,1,,
1,2,986,0,0,0.25,,,,1,0.25,1.95,0,1,0.95,1,1,,
1,2,987,0,0,0.25,,,,1,0.25,1,,,,,1,,
1,2,988,0,0,0.25,,,,0,0.25,1,,,,,1,,
1,2,989,0,0,0.25,,,,0,0.25,1,,,,,1,,
1,2,990,0,0,0.25,,,,0,0.25,1.35,0,1,0.35,1,1,,
1,2,991,0,0,0.25,,,,0,0.25,1,,,,,1,,
1,2,992,0,0,0.25,,,,0,0.25,1,,,,,1,,
1,2,993,0,0,0.25,,,,1,0.25,1.7,3,0,0.70,1,1,,
1,2,994,0,0,0.25,,,,0,0.25,1,,,,,1,,
1,2,995,0,0,0.25,,,,1,0.25,1.95,0,1,0.95,1,1,,
1,2,996,0,0,0.25,,,,0,0.25,1.95,2,0,0.95,1,1,,
1,2,997,0,0,0.25,,,,1,0.25,1,,,,,1,,
1,2,998,0,0,0.25,,,,1,0.25,1,,,,,1,,
1,2,999,0,0,0.25,,,,1,0.25,1,,,,,1,,
1,2,1000,0,0,0.25,,,,1,0.25,1.95,1,0,0.95,1,1,,
1,2,1001,0,0,0.25,,,,0,0.25,1.5,3,1,0.50,1,1,,
1,2,1002,0,0,0.25,,,,0,0.25,1,,,,,1,,
1,2,1003,0,0,0.25,,,,0,0.25,1,,,,,1,,
1,2,1004,0,0,0.25,,,,0,0.25,1.35,2,0,0.35,1,1,,
1,2,1005,0,0,0.25,,,,0,0.25,1.5,2,0,0.50,1,1,,
1,2,1006,0,0,0.25,,,,1,0.25,1,,,,,1,,
1,2,1007,0,0,0.25,,,,0,0.25,1,,,,,1,,
1,2,1008,0,0,0.25,,,,0,0.25,1,,,,,1,,
1,2,1009,0,0,0.25,,,,1,0.25,1.35,2,0,0.35,1,1,,
1,2,1010,0,0,0.25,,,,0,0.25,1.5,2,0,0.50,1,1,,
1,2,1011,0,0,0.25,,,,0,0.25,1.95,0,0,0.95,1,1,,
1,2,1012,0,0,0.25,,,,0,0.25,1,,,,,1,,
1,2,1013,0,0,0.25,,,,0,0.25,1,,,,,1,,
1,2,1014,0,0,0.25,,,,1,0.25,1.35,2,1,0.35,1,1,,
1,2,1015,0,0,0.25,,,,0,0.25,1.95,3,0,0.95,1,1,,
1,2,1016,0,0,0.25,,,,0,0.25,1.5,1,1,0.50,1,1,,
1,2,1017,0,0,0.25,,,,1,0.25,1,,,,,1,,
1,2,1018,0,0,0.25,,,,1,0.25,1,,,,,1,,
1,2,1019,0,0,0.25,,,,1,0.25,1,,,,,1,,
1,2,1020,0,0,0.25,,,,0,0.25,1,,,,,1,,
1,2,1021,0,0,0.25,,,,1,0.25,1,,,,,1,,
1,2,1022,0,0,0.25,,,,0,0.25,1,,,,,1,,
1,2,1023,0,0,0.25,,,,1,0.25,1,,,,,1,,
1,2,1024,0,0,0.25,,,,0,0.25,1,,,,,1,,
1,2,1025,0,0,0.25,,,,1,0.25,1,,,,,1,,
1,2,1026,0,0,0.25,,,,0,0.25,1.6,1,1,0.60,1,1,,
1,2,1027,0,0,0.25,,,,0,0.25,1.35,2,0,0.35,1,1,,
1,2,1028,0,0,0.25,,,,0,0.25,1,,,,,1,,
1,2,1029,0,0,0.25,,,,0,0.25,1,,,,,1,,
1,2,1030,0,0,0.25,,,,1,0.25,1.6,2,0,0.60,1,1,,
1,2,1031,0,0,0.25,,,,0,0.25,1,,,,,1,,
1,2,1032,0,0,0.25,,,,1,0.25,1,,,,,1,,
1,2,1033,0,0,0.25,,,,0,0.25,1.7,1,1,0.70,1,1,,
1,2,1034,0,0,0.25,,,,0,0.25,1,,,,,1,,
1,2,1035,0,0,0.25,,,,1,0.25,1,,,,,1,,
1,2,1036,0,0,0.25,,,,0,0.25,1.35,0,0,0.35,1,1,,
1,2,1037,0,0,0.25,,,,0,0.25,1,,,,,1,,
1,2,1038,0,0,0.25,,,,0,0.25,1.5,3,0,0.50,1,1,,
1,2,1039,0,0,0.25,,,,1,0.25,1.6,2,0,0.60,1,1,,
1,2,1040,0,0,0.25,,,,0,0.25,1,,,,,1,,
1,2,1041,0,0,0.25,,,,0,0.25,1.7,1,0,0.70,1,1,,
1,2,1042,0,0,0.25,,,,1,0.25,1,,,,,1,,
1,2,1043,0,0,0.25,,,,1,0.25,1.7,3,0,0.70,1,1,,
1,2,1044,0,0,0.25,,,,0,0.25,1.7,0,0,0.70,1,1,,
1,2,1045,0,0,0.25,,,,1,0.25,1.5,2,1,0.50,1,1,,
1,2,1046,0,0,0.25,,,,0,0.25,1,,,,,1,,
1,2,1047,0,0,0.25,,,,0,0.25,1.6,1,0,0.60,1,1,,
1,2,1048,0,0,0.25,,,,1,0.25,1,,,,,1,,
1,2,1049,0,0,0.25,,,,1,0.25,1,,,,,1,,
1,2,1050,0,0,0.25,,,,1,0.25,1.5,2,0,0.50,1,1,,
1,2,1051,0,0,0.25,,,,0,0.25,1.5,3,1,0.50,1,1,,
1,2,1052,0,0,0.25,,,,0,0.25,1,,,,,1,,
1,2,1053,0,0,0.25,,,,1,0.25,1,,,,,1,,
1,2,1054,0,0,0.25,,,,0,0.25,1.5,3,1,0.50,1,1,,
1,2,1055,0,0,0.25,,,,1,0.25,1,,,,,1,,
1,2,1056,0,0,0.25,,,,1,0.25,1.6,2,1,0.60,1,1,,
1,2,1057,0,0,0.25,,,,0,0.25,1.5,0,0,0.50,1,1,,
1,2,1058,0,0,0.25,,,,1,0.25,1.7,0,0,0.70,1,1,,
1,2,1059,0,0,0.25,,,,1,0.25,1,,,,,1,,
1,2,1060,0,0,0.25,,,,1,0.25,1,,,,,1,,
1,2,1061,0,0,0.25,,,,0,0.25,1.95,2,0,0.95,1,1,,
1,2,1062,0,0,0.25,,,,0,0.25,1,,,,,1,,
1,2,1063,0,0,0.25,,,,0,0.25,1,,,,,1,,
1,2,1064,0,0,0.25,,,,0,0.25,1,,,,,1,,
1,2,1065,0,0,0.25,,,,0,0.25,1.6,1,1,0.60,1,1,,
1,2,1066,0,0,0.25,,,,0,0.25,1.5,3,1,0.50,1,1,,
1,2,1067,0,0,0.25,,,,0,0.25,1.35,1,0,0.35,1,1,,
1,2,1068,0,0,0.25,,,,0,0.25,1,,,,,1,,
1,2,1069,0,0,0.25,,,,0,0.25,1,,,,,1,,
1,2,1070,0,0,0.25,,,,1,0.25,1.6,0,0,0.60,1,1,,
1,2,1071,0,0,0.25,,,,1,0.25,1,,,,,1,,
1,2,1072,0,0,0.25,,,,1,0.25,1,,,,,1,,
1,2,1073,0,0,0.25,,,,0,0.25,1.7,1,1,0.70,1,1,,
1,2,1074,0,0,0.25,,,,0,0.25,1.95,0,1,0.95,1,1,,
1,2,1075,0,0,0.25,,,,1,0.25,1,,,,,1,,
1,2,1076,0,0,0.25,,,,1,0.25,1.7,3,0,0.70,1,1,,
1,2,1077,0,0,0.25,,,,0,0.25,1,,,,,1,,
1,2,1078,0,0,0.25,,,,0,0.25,1,,,,,1,,
1,2,1079,0,0,0.25,,,,0,0.25,1.5,0,0,0.50,1,1,,
1,2,1080,0,0,0.25,,,,1,0.25,1,,,,,1,,
1,2,1081,0,0,0.25,,,,0,0.25,1.95,0,1,0.95,1,1,,
1,2,1082,0,0,0.25,,,,1,0.25,1.35,0,0,0.35,1,1,,
1,2,1083,0,0,0.25,,,,1,0.25,1.95,0,0,0.95,1,1,,
1,2,1084,0,0,0.25,,,,0,0.25,1.95,1,0,0.95,1,1,,
1,2,1085,0,0,0.25,,,,0,0.25,1,,,,,1,,
1,2,1086,0,0,0.25,,,,0,0.25,1.5,0,1,0.50,1,1,,
1,2,1087,0,0,0.25,,,,1,0.25,1,,,,,1,,
1,2,1088,0,0,0.25,,,,0,0.25,1,,,,,1,,
1,2,1089,0,0,0.25,,,,0,0.25,1,,,,,1,,
1,2,1090,0,0,0.25,,,,1,0.25,1,,,,,1,,
1,2,1091,0,0,0.25,,,,0,0.25,1,,,,,1,,
1,2,1092,0,0,0.25,,,,0,0.25,1,,,,,1,,
1,2,1093,0,0,0.25,,,,0,0.25,1.7,2,0,0.70,1,1,,
1,2,1094,0,0,0.25,,,,1,0.25,1,,,,,1,,
1,2,1095,0,0,0.25,,,,0,0.25,1,,,,,1,,
1,2,1096,0,0,0.25,,,,1,0.25,1,,,,,1,,
1,2,1097,0,0,0.25,,,,0,0.25,1,,,,,1,,
1,2,1098,0,0,0.25,,,,0,0.25,1,,,,,1,,
1,2,1099,0,0,0.25,,,,0,0.25,1,,,,,1,,
1,2,1100,0,0,0.25,,,,0,0.25,1.7,1,0,0.70,1,1,,
1,2,1101,0,0,0.25,,,,1,0.25,1.35,0,1,0.35,1,1,,
1,2,1102,0,0,0.25,,,,1,0.25,1,,,,,1,,
1,2,1103,0,0,0.25,,,,1,0.25,1,,,,,1,,
1,2,1104,0,0,0.25,,,,1,0.25,1,,,,,1,,
1,2,1105,0,0,0.25,,,,1,0.25,1.5,0,1,0.50,1,1,,
1,2,1106,0,0,0.25,,,,1,0.25,1,,,,,1,,
1,2,1107,0,0,0.25,,,,0,0.25,1.6,3,1,0.60,1,1,,
1,2,1108,0,0,0.25,,,,1,0.25,1.35,1,0,0.35,1,1,,
1,2,1109,0,0,0.25,,,,0,0.25,1,,,,,1,,
1,2,1110,0,0,0.25,,,,0,0.25,1.7,1,1,0.70,1,1,,
1,2,1111,0,0,0.25,,,,1,0.25,1,,,,,1,,
1,2,1112,0,0,0.25,,,,1,0.25,1.7,3,0,0.70,1,1,,
1,2,1113,0,0,0.25,,,,1,0.25,1,,,,,1,,
1,2,1114,0,0,0.25,,,,1,0.25,1.6,2,1,0.60,1,1,,
1,2,1115,0,0,0.25,,,,0,0.25,1,,,,,1,,
1,2,1116,0,0,0.25,,,,0,0.25,1.7,3,0,0.70,1,1,,
1,2,1117,0,0,0.25,,,,1,0.25,1.35,3,0,0.35,1,1,,
1,2,1118,0,0,0.25,,,,1,0.25,1.7,1,1,0.70,1,1,,
1,2,1119,0,0,0.25,,,,1,0.25,1.35,3,1,0.35,1,1,,
1,2,1120,0,0,0.25,,,,1,0.25,1.5,2,1,0.50,1,1,,
1,2,1121,0,0,0.25,,,,1,0.25,1.35,1,1,0.35,1,1,,
1,2,1122,0,0,0.25,,,,1,0.25,1.7,2,1,0.70,1,1,,
1,2,1123,0,0,0.25,,,,1,0.25,1,,,,,1,,
1,2,1124,0,0,0.25,,,,1,0.25,1.5,1,0,0.50,1,1,,
1,2,1125,0,0,0.25,,,,0,0.25,1,,,,,1,,
1,2,1126,0,0,0.25,,,,0,0.25,1,,,,,1,,
1,2,1127,0,0,0.25,,,,1,0.25,1,,,,,1,,
1,2,1128,0,0,0.25,,,,1,0.25,1.6,0,0,0.60,1,1,,
1,2,1129,0,0,0.25,,,,0,0.25,1.35,0,1,0.35,1,1,,
1,2,1130,0,0,0.25,,,,1,0.25,1.35,3,0,0.35,1,1,,
1,2,1131,0,0,0.25,,,,1,0.25,1,,,,,1,,
1,2,1132,0,0,0.25,,,,1,0.25,1.35,2,0,0.35,1,1,,
1,2,1133,0,0,0.25,,,,0,0.25,1.35,2,0,0.35,1,1,,
1,2,1134,0,0,0.25,,,,1,0.25,1,,,,,1,,
1,2,1135,0,0,0.25,,,,0,0.25,1,,,,,1,,
1,2,1136,0,0,0.25,,,,1,0.25,1,,,,,1,,
1,2,1137,0,0,0.25,,,,1,0.25,1.7,2,1,0.70,1,1,,
1,2,1138,0,0,0.25,,,,1,0.25,1,,,,,1,,
1,2,1139,0,0,0.25,,,,0,0.25,1,,,,,1,,
1,2,1140,0,0,0.25,,,,0,0.25,1,,,,,1,,
1,2,1141,0,0,0.25,,,,1,0.25,1,,,,,1,,
1,2,1142,0,0,0.25,,,,0,0.25,1,,,,,1,,
1,2,1143,0,0,0.25,,,,0,0.25,1,,,,,1,,
1,2,1144,0,0,0.25,,,,0,0.25,1.5,0,1,0.50,1,1,,
1,2,1145,0,0,0.25,,,,0,0.25,1,,,,,1,,
1,2,1146,0,0,0.25,,,,1,0.25,1.7,2,1,0.70,1,1,,
1,2,1147,0,0,0.25,,,,1,0.25,1.6,0,1,0.60,1,1,,
1,2,1148,0,0,0.25,,,,0,0.25,1.5,3,0,0.50,1,1,,
1,2,1149,0,0,0.25,,,,0,0.25,1.95,2,0,0.95,1,1,,
1,2,1150,0,0,0.25,,,,1,0.25,1,,,,,1,,
1,2,1151,0,0,0.25,,,,0,0.25,1,,,,,1,,
1,2,1152,0,0,0.25,,,,1,0.25,1.7,2,1,0.70,1,1,,
1,2,1153,0,0,0.25,,,,1,0.25,1,,,,,1,,
1,2,1154,0,0,0.25,,,,0,0.25,1,,,,,1,,
1,2,1155,0,0,0.25,,,,1,0.25,1.5,1,0,0.50,1,1,,
1,2,1156,0,0,0.25,,,,1,0.25,1.35,2,0,0.35,1,1,,
1,2,1157,0,0,0.25,,,,1,0.25,1,,,,,1,,
1,2,1158,0,0,0.25,,,,1,0.25,1,,,,,1,,
1,2,1159,0,0,0.25,,,,1,0.25,1,,,,,1,,
1,2,1160,0,0,0.25,,,,0,0.25,1,,,,,1,,
1,2,1161,0,0,0.25,,,,1,0.25,1.6,1,0,0.60,1,1,,
1,2,1162,0,0,0.25,,,,0,0.25,1,,,,,1,,
1,2,1163,0,0,0.25,,,,1,0.25,1.35,3,1,0.35,1,1,,
1,2,1164,0,0,0.25,,,,0,0.25,1.35,3,0,0.35,1,1,,
1,2,1165,0,0,0.25,,,,1,0.25,1.6,0,0,0.60,1,1,,
1,2,1166,0,0,0.25,,,,0,0.25,1,,,,,1,,
1,2,1167,0,0,0.25,,,,1,0.25,1,,,,,1,,
1,2,1168,0,0,0.25,,,,0,0.25,1,,,,,1,,
1,2,1169,0,0,0.25,,,,0,0.25,1.95,0,0,0.95,1,1,,
1,2,1170,0,0,0.25,,,,1,0.25,1.7,3,1,0.70,1,1,,
1,2,1171,0,0,0.25,,,,0,0.25,1.5,2,1,0.50,1,1,,
1,2,1172,0,0,0.25,,,,0,0.25,1,,,,,1,,
1,2,1173,0,0,0.25,,,,0,0.25,1,,,,,1,,
1,2,1174,0,0,0.25,,,,0,0.25,1,,,,,1,,
1,2,1175,0,0,0.25,,,,0,0.25,1,,,,,1,,
1,2,1176,0,0,0.25,,,,1,0.25,1,,,,,1,,
1,2,1177,0,0,0.25,,,,1,0.25,1,,,,,1,,
1,2,1178,0,0,0.25,,,,1,0.25,1.95,3,0,0.95,1,1,,
1,2,1179,0,0,0.25,,,,0,0.25,1.5,3,0,0.50,1,1,,
1,2,1180,0,0,0.25,,,,1,0.25,1,,,,,1,,
1,2,1181,0,0,0.25,,,,0,0.25,1,,,,,1,,
1,2,1182,0,0,0.25,,,,0,0.25,1,,,,,1,,
1,2,1183,0,0,0.25,,,,1,0.25,1,,,,,1,,
1,2,1184,0,0,0.25,,,,0,0.25,1.5,2,0,0.50,1,1,,
1,2,1185,0,0,0.25,,,,0,0.25,1.5,1,0,0.50,1,1,,
1,2,1186,0,0,0.25,,,,0,0.25,1,,,,,1,,
1,2,1187,0,0,0.25,,,,1,0.25,1,,,,,1,,
1,2,1188,0,0,0.25,,,,0,0.25,1,,,,,1,,
1,2,1189,0,0,0.25,,,,0,0.25,1.5,2,0,0.50,1,1,,
1,2,1190,0,0,0.25,,,,0,0.25,1.7,1,1,0.70,1,1,,
1,2,1191,0,0,0.25,,,,0,0.25,1.95,2,1,0.95,1,1,,
1,2,1192,0,0,0.25,,,,0,0.25,1,,,,,1,,
1,2,1193,0,0,0.25,,,,1,0.25,1,,,,,1,,
1,2,1194,0,0,0.25,,,,0,0.25,1.6,0,1,0.60,1,1,,
1,2,1195,0,0,0.25,,,,0,0.25,1,,,,,1,,
1,2,1196,0,0,0.25,,,,0,0.25,1.7,2,0,0.70,1,1,,
1,2,1197,0,0,0.25,,,,0,0.25,1.5,0,0,0.50,1,1,,
1,2,1198,0,0,0.25,,,,0,0.25,1,,,,,1,,
1,2,1199,0,0,0.25,,,,0,0.25,1,,,,,1,,
1,2,1200,0,0,0.25,,,,0,0.25,1.6,0,0,0.60,1,1,,
1,2,1201,0,0,0.25,,,,0,0.25,1,,,,,1,,
1,2,1202,0,0,0.25,,,,1,0.25,1,,,,,1,,
1,2,1203,0,0,0.25,,,,1,0.25,1,,,,,1,,
1,2,1204,0,0,0.25,,,,0,0.25,1,,,,,1,,
1,2,1205,0,0,0.25,,,,1,0.25,1,,,,,1,,
1,2,1206,0,0,0.25,,,,0,0.25,1.7,2,0,0.70,1,1,,
1,2,1207,0,0,0.25,,,,0,0.25,1,,,,,1,,
1,2,1208,0,0,0.25,,,,1,0.25,1,,,,,1,,
1,2,1209,0,0,0.25,,,,1,0.25,1.35,1,1,0.35,1,1,,
1,2,1210,0,0,0.25,,,,1,0.25,1.35,2,0,0.35,1,1,,
1,2,1211,0,0,0.25,,,,0,0.25,1,,,,,1,,
1,2,1212,0,0,0.25,,,,0,0.25,1,,,,,1,,
1,2,1213,0,0,0.25,,,,0,0.25,1.6,0,1,0.60,1,1,,
1,2,1214,0,0,0.25,,,,0,0.25,1,,,,,1,,
1,2,1215,0,0,0.25,,,,1,0.25,1,,,,,1,,
1,2,1216,0,0,0.25,,,,1,0.25,1,,,,,1,,
1,2,1217,0,0,0.25,,,,0,0.25,1.5,3,1,0.50,1,1,,
1,2,1218,0,0,0.25,,,,0,0.25,1.6,1,1,0.60,1,1,,
1,2,1219,0,0,0.25,,,,0,0.25,1,,,,,1,,
1,2,1220,0,0,0.25,,,,0,0.25,1.7,0,1,0.70,1,1,,
1,2,1221,0,0,0.25,,,,0,0.25,1.95,2,0,0.95,1,1,,
1,2,1222,0,0,0.25,,,,0,0.25,1,,,,,1,,
1,2,1223,0,0,0.25,,,,0,0.25,1,,,,,1,,
1,2,1224,0,0,0.25,,,,1,0.25,1.7,1,1,0.70,1,1,,
1,2,1225,0,0,0.25,,,,1,0.25,1.95,0,1,0.95,1,1,,
1,2,1226,0,0,0.25,,,,0,0.25,1,,,,,1,,
1,2,1227,0,0,0.25,,,,0,0.25,1,,,,,1,,
1,2,1228,0,0,0.25,,,,0,0.25,1,,,,,1,,
1,2,1229,0,0,0.25,,,,1,0.25,1,,,,,1,,
1,2,1230,0,0,0.25,,,,0,0.25,1,,,,,1,,
1,2,1231,0,0,0.25,,,,1,0.25,1,,,,,1,,
1,2,1232,0,0,0.25,,,,1,0.25,1,,,,,1,,
1,2,1233,0,0,0.25,,,,1,0.25,1.6,0,0,0.60,1,1,,
1,2,1234,0,0,0.25,,,,0,0.25,1,,,,,1,,
1,2,1235,0,0,0.25,,,,1,0.25,1,,,,,1,,
1,2,1236,0,0,0.25,,,,0,0.25,1,,,,,1,,
1,2,1237,0,0,0.25,,,,1,0.25,1.5,3,1,0.50,1,1,,
1,2,1238,0,0,0.25,,,,1,0.25,1.35,0,0,0.35,1,1,,
1,2,1239,0,0,0.25,,,,1,0.25,1.35,2,0,0.35,1,1,,
1,2,1240,0,0,0.25,,,,0,0.25,1,,,,,1,,
1,2,1241,0,0,0.25,,,,1,0.25,1,,,,,1,,
1,2,1242,0,0,0.25,,,,1,0.25,1.5,0,0,0.50,1,1,,
1,2,1243,0,0,0.25,,,,0,0.25,1,,,,,1,,
1,2,1244,0,0,0.25,,,,0,0.25,1,,,,,1,,
1,2,1245,0,0,0.25,,,,0,0.25,1.35,0,0,0.35,1,1,,
1,2,1246,0,0,0.25,,,,0,0.25,1.35,1,0,0.35,1,1,,
1,2,1247,0,0,0.25,,,,0,0.25,1.6,2,0,0.60,1,1,,
1,2,1248,0,0,0.25,,,,1,0.25,1,,,,,1,,
1,2,1249,0,0,0.25,,,,0,0.25,1.95,2,1,0.95,1,1,,
1,2,1250,0,0,0.25,,,,1,0.25,1,,,,,1,,
1,2,1251,0,0,0.25,,,,1,0.25,1,,,,,1,,
1,2,1252,0,0,0.25,,,,0,0.25,1.35,1,1,0.35,1,1,,
1,2,1253,0,0,0.25,,,,0,0.25,1,,,,,1,,
1,2,1254,0,0,0.25,,,,0,0.25,1,,,,,1,,
1,2,1255,0,0,0.25,,,,1,0.25,1.7,0,1,0.70,1,1,,
1,2,1256,0,0,0.25,,,,0,0.25,1.5,0,1,0.50,1,1,,
1,2,1257,0,0,0.25,,,,0,0.25,1.6,0,0,0.60,1,1,,
1,2,1258,0,0,0.25,,,,0,0.25,1,,,,,1,,
1,2,1259,0,0,0.25,,,,1,0.25,1,,,,,1,,
1,2,1260,0,0,0.25,,,,0,0.25,1,,,,,1,,
1,2,1261,0,0,0.25,,,,1,0.25,1,,,,,1,,
1,2,1262,0,0,0.25,,,,1,0.25,1,,,,,1,,
1,2,1263,0,0,0.25,,,,0,0.25,1.35,0,1,0.35,1,1,,
1,2,1264,0,0,0.25,,,,1,0.25,1,,,,,1,,
1,2,1265,0,0,0.25,,,,1,0.25,1,,,,,1,,
1,2,1266,0,0,0.25,,,,1,0.25,1.7,0,1,0.70,1,1,,
1,2,1267,0,0,0.25,,,,0,0.25,1,,,,,1,,
1,2,1268,0,0,0.25,,,,1,0.25,1,,,,,1,,
1,2,1269,0,0,0.25,,,,0,0.25,1,,,,,1,,
1,2,1270,0,0,0.25,,,,0,0.25,1.35,0,0,0.35,1,1,,
1,2,1271,0,0,0.25,,,,0,0.25,1,,,,,1,,
1,2,1272,0,0,0.25,,,,0,0.25,1.35,0,1,0.35,1,1,,
1,2,1273,0,0,0.25,,,,0,0.25,1.95,1,1,0.95,1,1,,
1,2,1274,0,0,0.25,,,,1,0.25,1,,,,,1,,
1,2,1275,0,0,0.25,,,,0,0.25,1,,,,,1,,
1,2,1276,0,0,0.25,,,,1,0.25,1,,,,,1,,
1,2,1277,0,0,0.25,,,,0,0.25,1.6,3,0,0.60,1,1,,
1,2,1278,0,0,0.25,,,,0,0.25,1,,,,,1,,
1,2,1279,0,0,0.25,,,,0,0.25,1,,,,,1,,
1,2,1280,0,0,0.25,,,,1,0.25,1.7,2,0,0.70,1,1,,
1,2,1281,0,0,0.25,,,,0,0.25,1,,,,,1,,
1,2,1282,0,0,0.25,,,,1,0.25,1.35,3,1,0.35,1,1,,
1,2,1283,0,0,0.25,,,,0,0.25,1,,,,,1,,
1,2,1284,0,0,0.25,,,,1,0.25,1.5,3,1,0.50,1,1,,
1,2,1285,0,0,0.25,,,,0,0.25,1.6,3,0,0.60,1,1,,
1,2,1286,0,0,0.25,,,,0,0.25,1.95,2,1,0.95,1,1,,
1,2,1287,0,0,0.25,,,,0,0.25,1.6,0,1,0.60,1,1,,
1,2,1288,0,0,0.25,,,,0,0.25,1.7,2,0,0.70,1,1,,
1,2,1289,0,0,0.25,,,,0,0.25,1.35,1,1,0.35,1,1,,
1,2,1290,0,0,0.25,,,,1,0.25,1.95,2,0,0.95,1,1,,
1,2,1291,0,0,0.25,,,,1,0.25,1.7,3,0,0.70,1,1,,
1,2,1292,0,0,0.25,,,,1,0.25,1.5,1,0,0.50,1,1,,
1,2,1293,0,0,0.25,,,,0,0.25,1.7,2,0,0.70,1,1,,
1,2,1294,0,0,0.25,,,,0,0.25,1,,,,,1,,
1,2,1295,0,0,0.25,,,,0,0.25,1,,,,,1,,
1,2,1296,0,0,0.25,,,,1,0.25,1,,,,,1,,
1,2,1297,0,0,0.25,,,,1,0.25,1,,,,,1,,
1,2,1298,0,0,0.25,,,,1,0.25,1,,,,,1,,
1,2,1299,0,0,0.25,,,,0,0.25,1,,,,,1,,
1,2,1300,0,0,0.25,,,,1,0.25,1,,,,,1,,
1,2,1301,0,0,0.25,,,,1,0.25,1,,,,,1,,
1,2,1302,0,0,0.25,,,,1,0.25,1,,,,,1,,
1,2,1303,0,0,0.25,,,,1,0.25,1.95,0,0,0.95,1,1,,
1,2,1304,0,0,0.25,,,,1,0.25,1,,,,,1,,
1,2,1305,0,0,0.25,,,,0,0.25,1.5,3,1,0.50,1,1,,
1,2,1306,0,0,0.25,,,,1,0.25,1.95,3,1,0.95,1,1,,
1,2,1307,0,0,0.25,,,,1,0.25,1.95,0,1,0.95,1,1,,
1,2,1308,0,0,0.25,,,,0,0.25,1,,,,,1,,
1,2,1309,0,0,0.25,,,,1,0.25,1.7,3,1,0.70,1,1,,
1,2,1310,0,0,0.25,,,,0,0.25,1,,,,,1,,
1,2,1311,0,0,0.25,,,,0,0.25,1.6,1,1,0.60,1,1,,
1,2,1312,0,0,0.25,,,,1,0.25,1,,,,,1,,
1,2,1313,0,0,0.25,,,,0,0.25,1.6,2,1,0.60,1,1,,
1,2,1314,0,0,0.25,,,,1,0.25,1,,,,,1,,
1,2,1315,0,0,0.25,,,,1,0.25,1,,,,,1,,
1,2,1316,0,0,0.25,,,,1,0.25,1,,,,,1,,
1,2,1317,0,0,0.25,,,,0,0.25,1.35,3,1,0.35,1,1,,
1,2,1318,0,0,0.25,,,,0,0.25,1,,,,,1,,
1,2,1319,0,0,0.25,,,,1,0.25,1.7,3,0,0.70,1,1,,
1,2,1320,0,0,0.25,,,,0,0.25,1,,,,,1,,
1,2,1321,0,0,0.25,,,,0,0.25,1,,,,,1,,
1,2,1322,0,0,0.25,,,,0,0.25,1.95,0,1,0.95,1,1,,
1,2,1323,0,0,0.25,,,,0,0.25,1.5,1,0,0.50,1,1,,
1,2,1324,0,0,0.25,,,,1,0.25,1,,,,,1,,
1,2,1325,0,0,0.25,,,,0,0.25,1,,,,,1,,
1,2,1326,0,0,0.25,,,,0,0.25,1.5,1,1,0.50,1,1,,
1,2,1327,0,0,0.25,,,,0,0.25,1.95,3,0,0.95,1,1,,
1,2,1328,0,0,0.25,,,,0,0.25,1,,,,,1,,
1,2,1329,0,0,0.25,,,,0,0.25,1,,,,,1,,
1,2,1330,0,0,0.25,,,,0,0.25,1.7,3,1,0.70,1,1,,
1,2,1331,0,0,0.25,,,,1,0.25,1.6,3,0,0.60,1,1,,
1,2,1332,0,0,0.25,,,,0,0.25,1,,,,,1,,
1,2,1333,0,0,0.25,,,,0,0.25,1,,,,,1,,
1,2,1334,0,0,0.25,,,,1,0.25,1.35,2,1,0.35,1,1,,
1,2,1335,0,0,0.25,,,,1,0.25,1.35,3,1,0.35,1,1,,
1,2,1336,0,0,0.25,,,,0,0.25,1,,,,,1,,
1,2,1337,0,0,0.25,,,,0,0.25,1,,,,,1,,
1,2,1338,0,0,0.25,,,,1,0.25,1,,,,,1,,
1,2,1339,0,0,0.25,,,,1,0.25,1,,,,,1,,
1,2,1340,0,0,0.25,,,,0,0.25,1,,,,,1,,
1,2,1341,0,0,0.25,,,,1,0.25,1.5,1,1,0.50,1,1,,
1,2,1342,0,0,0.25,,,,1,0.25,1,,,,,1,,
1,2,1343,0,0,0.25,,,,1,0.25,1.6,2,0,0.60,1,1,,
1,2,1344,0,0,0.25,,,,1,0.25,1,,,,,1,,
1,2,1345,0,0,0.25,,,,0,0.25,1,,,,,1,,
1,2,1346,0,0,0.25,,,,1,0.25,1.35,0,0,0.35,1,1,,
1,2,1347,0,0,0.25,,,,1,0.25,1.7,3,1,0.70,1,1,,
1,2,1348,0,0,0.25,,,,0,0.25,1.5,1,0,0.50,1,1,,
1,2,1349,0,0,0.25,,,,1,0.25,1.6,1,0,0.60,1,1,,
1,2,1350,0,0,0.25,,,,0,0.25,1,,,,,1,,
1,2,1351,0,0,0.25,,,,0,0.25,1.7,1,1,0.70,1,1,,
1,2,1352,0,0,0.25,,,,1,0.25,1,,,,,1,,
1,2,1353,0,0,0.25,,,,0,0.25,1.35,0,1,0.35,1,1,,
1,2,1354,0,0,0.25,,,,1,0.25,1,,,,,1,,
1,2,1355,0,0,0.25,,,,0,0.25,1.95,0,0,0.95,1,1,,
1,2,1356,0,0,0.25,,,,0,0.25,1,,,,,1,,
1,2,1357,0,0,0.25,,,,0,0.25,1,,,,,1,,
1,2,1358,0,0,0.25,,,,1,0.25,1,,,,,1,,
1,2,1359,0,0,0.25,,,,0,0.25,1.6,2,1,0.60,1,1,,
1,2,1360,0,0,0.25,,,,1,0.25,1,,,,,1,,
1,2,1361,0,0,0.25,,,,0,0.25,1.5,0,0,0.50,1,1,,
1,2,1362,0,0,0.25,,,,0,0.25,1,,,,,1,,
1,2,1363,0,0,0.25,,,,1,0.25,1,,,,,1,,
1,2,1364,0,0,0.25,,,,0,0.25,1,,,,,1,,
1,2,1365,0,0,0.25,,,,1,0.25,1.95,1,1,0.95,1,1,,
1,2,1366,0,0,0.25,,,,0,0.25,1,,,,,1,,
1,2,1367,0,0,0.25,,,,0,0.25,1.5,2,1,0.50,1,1,,
1,2,1368,0,0,0.25,,,,0,0.25,1,,,,,1,,
1,2,1369,0,0,0.25,,,,0,0.25,1.5,3,0,0.50,1,1,,
1,2,1370,0,0,0.25,,,,1,0.25,1,,,,,1,,
1,2,1371,0,0,0.25,,,,1,0.25,1,,,,,1,,
1,2,1372,0,0,0.25,,,,1,0.25,1,,,,,1,,
1,2,1373,0,0,0.25,,,,1,0.25,1.95,3,1,0.95,1,1,,
1,2,1374,0,0,0.25,,,,0,0.25,1,,,,,1,,
1,2,1375,0,0,0.25,,,,0,0.25,1,,,,,1,,
1,2,1376,0,0,0.25,,,,0,0.25,1,,,,,1,,
1,2,1377,0,0,0.25,,,,0,0.25,1,,,,,1,,
1,2,1378,0,0,0.25,,,,0,0.25,1,,,,,1,,
1,2,1379,0,0,0.25,,,,0,0.25,1,,,,,1,,
1,2,1380,0,0,0.25,,,,1,0.25,1,,,,,1,,
1,2,1381,0,0,0.25,,,,1,0.25,1,,,,,1,,
1,2,1382,0,0,0.25,,,,0,0.25,1,,,,,1,,
1,2,1383,0,0,0.25,,,,1,0.25,1,,,,,1,,
1,2,1384,0,0,0.25,,,,1,0.25,1.5,1,0,0.50,1,1,,
1,2,1385,0,0,0.25,,,,1,0.25,1.7,1,1,0.70,1,1,,
1,2,1386,0,0,0.25,,,,0,0.25,1.7,3,1,0.70,1,1,,
1,2,1387,0,0,0.25,,,,1,0.25,1,,,,,1,,
1,2,1388,0,0,0.25,,,,0,0.25,1.6,2,0,0.60,1,1,,
1,2,1389,0,0,0.25,,,,0,0.25,1,,,,,1,,
1,2,1390,0,0,0.25,,,,1,0.25,1,,,,,1,,
1,2,1391,0,0,0.25,,,,0,0.25,1,,,,,1,,
1,2,1392,0,0,0.25,,,,0,0.25,1.95,0,1,0.95,1,1,,
1,2,1393,0,0,0.25,,,,1,0.25,1,,,,,1,,
1,2,1394,0,0,0.25,,,,1,0.25,1.35,1,1,0.35,1,1,,
1,2,1395,0,0,0.25,,,,0,0.25,1.95,1,1,0.95,1,1,,
1,2,1396,0,0,0.25,,,,1,0.25,1.7,3,0,0.70,1,1,,
1,2,1397,0,0,0.25,,,,0,0.25,1,,,,,1,,
1,2,1398,0,0,0.25,,,,0,0.25,1.6,0,1,0.60,1,1,,
1,2,1399,0,0,0.25,,,,0,0.25,1.35,2,0,0.35,1,1,,
1,2,1400,0,0,0.25,,,,0,0.25,1.7,2,0,0.70,1,1,,
1,2,1401,0,0,0.25,,,,1,0.25,1,,,,,1,,
1,2,1402,0,0,0.25,,,,0,0.25,1,,,,,1,,
1,2,1403,0,0,0.25,,,,1,0.25,1,,,,,1,,
1,2,1404,0,0,0.25,,,,0,0.25,1,,,,,1,,
1,2,1405,0,0,0.25,,,,0,0.25,1.7,0,1,0.70,1,1,,
1,2,1406,0,0,0.25,,,,1,0.25,1,,,,,1,,
1,2,1407,0,0,0.25,,,,1,0.25,1,,,,,1,,
1,2,1408,0,0,0.25,,,,1,0.25,1,,,,,1,,
1,2,1409,0,0,0.25,,,,0,0.25,1.6,0,1,0.60,1,1,,
1,2,1410,0,0,0.25,,,,1,0.25,1,,,,,1,,
1,2,1411,0,0,0.25,,,,1,0.25,1,,,,,1,,
1,2,1412,0,0,0.25,,,,0,0.25,1.35,1,1,0.35,1,1,,
1,2,1413,0,0,0.25,,,,0,0.25,1,,,,,1,,
1,2,1414,0,0,0.25,,,,1,0.25,1,,,,,1,,
1,2,1415,0,0,0.25,,,,0,0.25,1,,,,,1,,
1,2,1416,0,0,0.25,,,,0,0.25,1,,,,,1,,
1,2,1417,0,0,0.25,,,,0,0.25,1,,,,,1,,
1,2,1418,0,0,0.25,,,,1,0.25,1,,,,,1,,
1,2,1419,0,0,0.25,,,,0,0.25,1,,,,,1,,
1,2,1420,0,0,0.25,,,,0,0.25,1,,,,,1,,
1,2,1421,0,0,0.25,,,,0,0.25,1.35,2,1,0.35,1,1,,
1,2,1422,0,0,0.25,,,,1,0.25,1.95,1,1,0.95,1,1,,
1,2,1423,0,0,0.25,,,,0,0.25,1,,,,,1,,
1,2,1424,0,0,0.25,,,,1,0.25,1,,,,,1,,
1,2,1425,0,0,0.25,,,,0,0.25,1.95,0,0,0.95,1,1,,
1,2,1426,0,0,0.25,,,,1,0.25,1.7,1,1,0.70,1,1,,
1,2,1427,0,0,0.25,,,,0,0.25,1.95,0,0,0.95,1,1,,
1,2,1428,0,0,0.25,,,,1,0.25,1.5,1,1,0.50,1,1,,
1,2,1429,0,0,0.25,,,,0,0.25,1.7,3,0,0.70,1,1,,
1,2,1430,0,0,0.25,,,,1,0.25,1.7,0,1,0.70,1,1,,
1,2,1431,0,0,0.25,,,,1,0.25,1,,,,,1,,
1,2,1432,0,0,0.25,,,,1,0.25,1.6,1,0,0.60,1,1,,
1,2,1433,0,0,0.25,,,,0,0.25,1,,,,,1,,
1,2,1434,0,0,0.25,,,,0,0.25,1.5,2,1,0.50,1,1,,
1,2,1435,0,0,0.25,,,,0,0.25,1.7,0,0,0.70,1,1,,
1,2,1436,0,0,0.25,,,,1,0.25,1,,,,,1,,
1,2,1437,0,0,0.25,,,,0,0.25,1.35,2,0,0.35,1,1,,
1,2,1438,0,0,0.25,,,,1,0.25,1,,,,,1,,
1,2,1439,0,0,0.25,,,,0,0.25,1.5,1,1,0.50,1,1,,
1,2,1440,0,0,0.25,,,,0,0.25,1.6,1,0,0.60,1,1,,
1,2,1441,0,0,0.25,,,,0,0.25,1,,,,,1,,
1,2,1442,0,0,0.25,,,,0,0.25,1,,,,,1,,
1,2,1443,0,0,0.25,,,,0,0.25,1.5,3,1,0.50,1,1,,
1,2,1444,0,0,0.25,,,,0,0.25,1.35,3,0,0.35,1,1,,
1,2,1445,0,0,0.25,,,,0,0.25,1,,,,,1,,
1,2,1446,0,0,0.25,,,,1,0.25,1.35,1,0,0.35,1,1,,
1,2,1447,0,0,0.25,,,,0,0.25,1.7,2,0,0.70,1,1,,
1,2,1448,0,0,0.25,,,,1,0.25,1,,,,,1,,
1,2,1449,0,0,0.25,,,,0,0.25,1.6,3,0,0.60,1,1,,
1,2,1450,0,0,0.25,,,,0,0.25,1,,,,,1,,
1,2,1451,0,0,0.25,,,,1,0.25,1.7,2,1,0.70,1,1,,
1,2,1452,0,0,0.25,,,,1,0.25,1,,,,,1,,
1,2,1453,0,0,0.25,,,,0,0.25,1,,,,,1,,
1,2,1454,0,0,0.25,,,,0,0.25,1.35,0,0,0.35,1,1,,
1,2,1455,0,0,0.25,,,,0,0.25,1,,,,,1,,
1,2,1456,0,0,0.25,,,,1,0.25,1.5,1,0,0.50,1,1,,
1,2,1457,0,0,0.25,,,,0,0.25,1.7,0,1,0.70,1,1,,
1,2,1458,0,0,0.25,,,,0,0.25,1,,,,,1,,
1,2,1459,0,0,0.25,,,,1,0.25,1,,,,,1,,
1,2,1460,0,0,0.25,,,,0,0.25,1.95,2,1,0.95,1,1,,
1,2,1461,0,0,0.25,,,,0,0.25,1,,,,,1,,
1,2,1462,0,0,0.25,,,,1,0.25,1.35,1,1,0.35,1,1,,
1,2,1463,0,0,0.25,,,,0,0.25,1.95,0,1,0.95,1,1,,
1,2,1464,0,0,0.25,,,,0,0.25,1,,,,,1,,
1,2,1465,0,0,0.25,,,,0,0.25,1.95,3,0,0.95,1,1,,
1,2,1466,0,0,0.25,,,,1,0.25,1.5,1,0,0.50,1,1,,
1,2,1467,0,0,0.25,,,,0,0.25,1,,,,,1,,
1,2,1468,0,0,0.25,,,,1,0.25,1,,,,,1,,
1,2,1469,0,0,0.25,,,,1,0.25,1.5,3,1,0.50,1,1,,
1,2,1470,0,0,0.25,,,,0,0.25,1.5,0,1,0.50,1,1,,
1,2,1471,0,0,0.25,,,,0,0.25,1,,,,,1,,
1,2,1472,0,0,0.25,,,,0,0.25,1,,,,,1,,
1,2,1473,0,0,0.25,,,,0,0.25,1,,,,,1,,
1,2,1474,0,0,0.25,,,,1,0.25,1.5,2,1,0.50,1,1,,
1,2,1475,0,0,0.25,,,,1,0.25,1,,,,,1,,
1,2,1476,0,0,0.25,,,,0,0.25,1,,,,,1,,
1,2,1477,0,0,0.25,,,,0,0.25,1.6,3,0,0.60,1,1,,
1,2,1478,0,0,0.25,,,,1,0.25,1,,,,,1,,
1,2,1479,0,0,0.25,,,,1,0.25,1.95,2,1,0.95,1,1,,
1,2,1480,0,0,0.25,,,,1,0.25,1,,,,,1,,
1,2,1481,0,0,0.25,,,,0,0.25,1.35,0,1,0.35,1,1,,
1,2,1482,0,0,0.25,,,,1,0.25,1.6,1,1,0.60,1,1,,
1,2,1483,0,0,0.25,,,,0,0.25,1.6,2,0,0.60,1,1,,
1,2,1484,0,0,0.25,,,,1,0.25,1,,,,,1,,
1,2,1485,0,0,0.25,,,,0,0.25,1,,,,,1,,
1,2,1486,0,0,0.25,,,,1,0.25,1,,,,,1,,
1,2,1487,0,0,0.25,,,,1,0.25,1.6,2,0,0.60,1,1,,
1,2,1488,0,0,0.25,,,,1,0.25,1,,,,,1,,
1,2,1489,0,0,0.25,,,,0,0.25,1,,,,,1,,
1,2,1490,0,0,0.25,,,,1,0.25,1,,,,,1,,
1,2,1491,0,0,0.25,,,,0,0.25,1.6,1,0,0.60,1,1,,
1,2,1492,0,0,0.25,,,,0,0.25,1.5,0,0,0.50,1,1,,
1,2,1493,0,0,0.25,,,,1,0.25,1,,,,,1,,
1,2,1494,0,0,0.25,,,,0,0.25,1.7,2,1,0.70,1,1,,
1,2,1495,0,0,0.25,,,,1,0.25,1,,,,,1,,
1,2,1496,0,0,0.25,,,,0,0.25,1,,,,,1,,
1,2,1497,0,0,0.25,,,,1,0.25,1,,,,,1,,
1,2,1498,0,0,0.25,,,,1,0.25,1,,,,,1,,
1,2,1499,0,0,0.25,,,,1,0.25,1.95,2,1,0.95,1,1,,
1,2,1500,0,0,0.25,,,,0,0.25,1.35,0,0,0.35,1,1,,
